cell_width_mean,cell_width_std,number_of_crossings,stop_cell,cell_width_truth
1.784636257980469,0.0,602,417,1.8404176650290762
1.0498148805257927,0.0,800,0,1.0318809321331912
1.2729300872431093,0.0,324,0,1.3120870397370097
0.5462634966710628,0.0,878,0,0.49092883182677755
1.5156606418116314,0.0,586,0,1.5500696577518007
0.84392698348216,0.0,712,0,0.8380349637667573
1.2457259044923028,0.0,497,0,1.2697435269613806
0.7728578698849882,0.0,577,0,0.7541918549709482
1.0118235319383664,0.0,425,0,0.9621915605971731
0.8043622426122449,0.0,799,0,0.8372077930467775
1.200618634800294,0.0,607,0,1.1892645834619386
1.1965849654801675,0.0,595,0,1.1955360631368508
0.9220324653551717,0.0,727,0,0.9367670859277686
1.0836346901821634,0.0,635,0,1.136985010181931
1.079440547844147,0.0,436,0,1.0198981604467536
0.7733203895617089,0.0,405,0,0.8091023436526088
0.7489990217927078,0.0,598,0,0.7553143161028515
1.0379162664405068,0.0,801,0,1.0014072000004062
1.2229841720927748,0.0,667,0,1.3116410350058623
1.1436920543062867,0.0,532,0,1.0762504172284482
0.9494816504407273,0.0,600,0,0.9053338834353529
0.880138503161093,0.0,515,0,0.9174686209240925
0.8421823134654796,0.0,682,0,0.8670178219873137
1.0405895227988564,0.0,601,0,1.1073310590595236
1.1763627420550118,0.0,600,0,1.136474405086197
0.9730606985927946,0.0,601,0,0.9423062096244509
0.9876945585161822,0.0,659,0,0.957241289485802
1.1011002967495274,0.0,542,0,1.1608368473780255
0.9251810844235467,0.0,797,0,0.9175940076095994
1.206183096207919,0.0,508,0,1.1866146574363898
0.8987556476316129,0.0,754,0,0.9194849985401236
1.3689664543913358,0.0,529,0,1.309932581821397
0.6998445448442798,0.0,412,0,0.7415093850551674
0.8572139068381868,0.0,799,0,0.8611155894147785
1.1604245724885556,0.0,600,0,1.1851710419089554
1.0377192825418307,0.0,524,0,1.0395458488235623
0.9267266725018499,0.0,425,0,0.8701012379132322
0.6494711698153772,0.0,650,0,0.6791989365290315
1.0695451311786246,0.0,603,0,1.0831793426802199
1.1275822144346788,0.0,641,0,1.162902628778413
1.0558458989663744,0.0,525,0,1.0355036776712003
0.8470151914879124,0.0,700,417,0.7938700663575015
1.2061497834704407,0.0,641,0,1.2365936472528458
1.0267899143927184,0.0,460,0,1.021210549034318
0.7585805051745055,0.0,683,0,0.7478542850706427
1.2106824698870873,0.0,688,0,1.2218537987516283
1.002906567051601,0.0,432,0,1.0490398378293233
0.932079831644578,0.0,595,0,0.8861755845363881
0.8916080991324044,0.0,800,0,0.8909051178706121
1.3197964503493655,0.0,383,0,1.3098509374491802
0.6267735041013562,0.0,818,0,0.584916075087254
1.2799468398957126,0.0,342,0,1.376490504319083
0.6376988730038016,0.0,645,0,0.6023368387188032
1.1165998872998517,0.0,771,0,1.03363217412003
1.2857020660029241,0.0,406,0,1.3069893320001897
0.6349587701823514,0.0,793,0,0.6639593291187543
1.2740554537261413,0.0,445,0,1.3349268442842068
0.8952339649461025,0.0,598,0,0.8972762394362884
0.9768748323137072,0.0,600,0,0.9068514556532409
1.0168527007367034,0.0,601,0,0.9929198205502054
0.9353622319647235,0.0,600,0,0.9484529581526114
1.0456095843489106,0.0,595,0,1.0910286445440505
0.9275602857254216,0.0,602,0,0.8826920515921739
0.9876195708251362,0.0,600,0,1.0015074378354931
1.0612176411805978,0.0,600,0,1.0656073283795566
0.975580114585333,0.0,501,0,0.9494014631367033
0.8912262415580788,0.0,702,0,0.8919997484026428
1.161729760301562,0.0,600,0,1.1860219312129807
0.9225249900740741,0.0,601,0,0.9471586266780264
1.0278936171668156,0.0,400,0,0.9856581197886085
0.7921133276359954,0.0,599,0,0.7915170397935477
0.9210198752769609,0.0,615,0,0.9538581135655391
1.0837028772820483,0.0,627,0,1.0971529259712431
0.9989435763085089,0.0,756,0,1.022993495259127
1.268318109110107,0.0,601,0,1.191577920133997
0.9872108384496066,0.0,582,0,0.9887643603820885
0.8629751445552236,0.0,616,0,0.8944633822328993
1.0874710085209358,0.0,600,0,1.0455470081536744
0.9753252007514227,0.0,603,0,0.9873645467623765
1.08620731519832,0.0,598,0,1.1243118965920174
0.9441691840392573,0.0,599,0,0.9469507017038182
1.0630855556817078,0.0,601,0,1.0339879528807132
0.9614764197873528,0.0,694,0,1.0147617163289546
1.2130613673510346,0.0,483,0,1.1247499156692398
0.7522091228102171,0.0,510,417,0.8637867310582173
0.8182725964106337,0.0,694,0,0.8128800943089656
1.328678923537116,0.0,570,0,1.2536434951379143
0.811107381762654,0.0,684,0,0.782758565270927
1.2172267894436732,0.0,543,0,1.262854768156962
0.9314619243871342,0.0,616,0,0.9544542962660203
0.9909822094960261,0.0,581,0,1.0218505932369535
0.8350752622132103,0.0,496,0,0.8190933502235451
0.9738343726803574,0.0,757,0,0.8913135781094262
1.2899350813928454,0.0,748,0,1.3160043009593227
1.0903242814323872,0.0,584,0,1.138936847027808
0.9592938201593286,0.0,410,0,0.9347685270469877
0.7109111444764449,0.0,747,0,0.6874552683653015
1.2420716030965728,0.0,657,0,1.2852246110112369
1.1326086732168221,0.0,600,0,1.0671596441514608
0.9908063108905921,0.0,437,0,1.0068903645251825
0.8841606466715122,0.0,766,0,0.8638100920756692
1.0879609218879236,0.0,326,0,1.1640182365506044
0.6545138190402896,0.0,708,0,0.5531830530060617
1.264397646203078,0.0,764,0,1.2931624702014282
1.1598272331793154,0.0,583,0,1.1495028206813356
0.84822742247354,0.0,656,0,0.9262362133948513
1.2902973216081668,0.0,561,0,1.256244672917862
0.9208584070602426,0.0,598,0,0.8772789105253213
0.930720474342992,0.0,581,0,0.9102435707383448
0.9152443398214801,0.0,512,0,0.9559002955707454
0.9910550047678761,0.0,710,0,0.9526389902644853
1.0690537629498629,0.0,528,0,1.0869526237541565
0.9077230568720676,0.0,469,0,0.9283902541494382
0.883664218912801,0.0,603,0,0.8809138729219467
1.040815476182156,0.0,836,0,1.0248156546203735
1.3634020592659137,0.0,526,0,1.3787982391145073
0.8269430170336832,0.0,639,0,0.7314767219760707
1.037893724689224,0.0,600,0,1.1364508056910163
0.942614148032345,0.0,599,0,0.9706758411368956
1.0230384666986971,0.0,415,0,0.953505791281928
0.8716393822099447,0.0,782,0,0.8480426567787306
1.1346521227494806,0.0,601,0,1.1464695832673926
0.9433239388999888,0.0,401,0,0.9910604742632194
0.7659734798998626,0.0,641,0,0.7660098480521451
1.1101360193175098,0.0,659,0,1.123704390949404
1.1400943364105998,0.0,490,0,1.029668071673949
0.8848708934751303,0.0,594,417,0.9292680205424195
0.9148376110212677,0.0,599,0,0.9403314289221478
0.8757546097837469,0.0,660,0,0.9296761828090722
1.2999445382459505,0.0,539,0,1.190774467998063
0.805295021095884,0.0,406,0,0.8674854594973772
0.7539189863792874,0.0,727,0,0.7545476337316311
1.0996532268274848,0.0,668,0,1.0750971457750584
1.1331552704224617,0.0,602,0,1.1255196373565064
0.9765421750012112,0.0,410,0,1.0072273114452666
0.7734088284110934,0.0,588,0,0.7941898500810901
0.8886090298362851,0.0,793,0,0.8184419830787771
1.251253899433454,0.0,406,0,1.3072803912074216
0.8693645357753101,0.0,801,0,0.8133514266738301
1.143341517886976,0.0,402,0,1.2301386167265258
0.8490074402969601,0.0,598,0,0.797904788205829
0.9581374131018443,0.0,657,0,0.9307511471784523
1.1618151152329077,0.0,744,0,1.1377339930067656
1.0307449604222132,0.0,386,0,1.1026402621062785
0.7016639384027276,0.0,555,0,0.6414944331450003
0.9483505039401339,0.0,690,0,0.9709869836678043
1.2449156876939882,0.0,767,0,1.2738469611901213
1.1907161228855558,0.0,601,0,1.1644734188243224
0.9855312870327683,0.0,453,0,1.0221266346472522
0.8456800249553778,0.0,546,0,0.8224636537464364
0.8215186169606944,0.0,584,0,0.7639104553919546
0.9351082963034678,0.0,618,0,0.9729895353755479
1.0392921208862356,0.0,406,0,1.088337002415909
0.8743336928905477,0.0,592,0,0.8003470872293309
0.8729848622054216,0.0,654,0,0.8926635707837562
1.1815938569396836,0.0,558,0,1.153666206908945
0.9146915825729333,0.0,715,0,0.9673091728743732
1.015624852476219,0.0,675,0,1.0663451074511234
1.1980391974386175,0.0,600,0,1.1920327448411212
1.0905571713153217,0.0,792,0,0.9814208364649779
1.1427144166130276,0.0,416,0,1.213486263704733
0.8453162860876775,0.0,784,0,0.8747568741514351
1.1515749875409453,0.0,278,0,1.1241462240702922
0.6181494390694595,0.0,731,0,0.5901190861859043
1.2027030628727307,0.0,598,0,1.2628981529036583
0.9474547152601155,0.0,428,0,0.9073099156207338
0.8090521183431282,0.0,773,0,0.8019607256720463
1.2369939658040126,0.0,705,0,1.2429114913960684
1.098752918742822,0.0,470,0,1.1305812308673677
0.9624291169557996,0.0,782,416,0.9156461635906847
1.0713591972054268,0.0,479,0,1.1296603776998515
0.9560818295478904,0.0,614,0,0.9300894701969008
0.9739311636359622,0.0,524,0,1.011336109172912
0.8980003271254519,0.0,405,0,0.9217974412956981
0.7183205573282835,0.0,796,0,0.6757879300088963
1.3181391362686778,0.0,602,0,1.2669155327721935
1.0197079340391468,0.0,623,0,1.0558036867036933
1.0453704452178452,0.0,573,0,1.0512393491357364
0.9294276058452382,0.0,799,0,0.8994368355784256
1.1989581413513637,0.0,403,0,1.2578297656275177
0.8240608907343194,0.0,605,0,0.7821029073270352
1.0016122818176965,0.0,597,0,1.0353862766396182
0.9780314494990193,0.0,598,0,0.98196100039912
0.9667177273013079,0.0,603,0,0.9338189493631146
1.06418309524327,0.0,790,0,1.062799357919614
1.0798503319874706,0.0,406,0,1.148301516115532
0.8213293102896077,0.0,598,0,0.7569957134150639
0.9877733071016258,0.0,601,0,1.0047777419010269
0.9923456577203611,0.0,785,0,0.9463492150988648
1.2352312974280217,0.0,613,0,1.2802745782775948
0.9674772715990106,0.0,403,0,1.0281224304784595
0.8474041019140351,0.0,591,0,0.8290472294631739
0.8927967511062972,0.0,610,0,0.8207745687524606
1.0912356879025458,0.0,798,0,1.0517517420644384
1.3501496454440582,0.0,403,0,1.4305405089931216
0.7439627711400667,0.0,601,0,0.7152117923584989
1.0290094067131428,0.0,629,0,0.9997887344086767
0.9876679655980256,0.0,681,0,1.0416187815558227
1.0653028238596574,0.0,586,0,1.0362263197569694
0.9957989093333631,0.0,502,0,0.992323101499834
0.8699705331001573,0.0,602,0,0.8589910479041679
0.9710007446817565,0.0,597,0,1.0176139058576454
1.0589568875338238,0.0,621,0,0.9907613698076305
1.0369088263978743,0.0,580,0,1.0980467232665063
0.9919209068213515,0.0,602,0,0.9537219998822225
0.9855862977123359,0.0,795,0,1.0122486191199096
1.1282668682028236,0.0,552,0,1.1558502236629664
0.971177518200375,0.0,451,0,0.9432674082226176
0.8490056579944043,0.0,610,0,0.7813638767723907
1.1116073589872404,0.0,610,0,1.132109947244091
1.0075846776516262,0.0,689,0,1.0169730273329582
1.098570331236932,0.0,665,0,1.044358456796378
1.077728895766926,0.0,586,417,1.1442173904828485
0.9121296077251486,0.0,416,0,0.9018520787296747
0.8652587579202164,0.0,625,0,0.8586288329447992
1.0355287673175542,0.0,649,0,1.048859743454988
1.031621988857724,0.0,728,0,1.0289007337639735
1.2066215929186421,0.0,575,0,1.1534255645914175
0.8656971853977884,0.0,623,0,0.9111734226651346
1.2155906672542287,0.0,759,0,1.189926677604516
1.0997524889095536,0.0,292,0,1.1242805499206405
0.6563269515745689,0.0,560,0,0.6147356391369542
0.9801875784753783,0.0,800,0,0.9651715205886621
1.247235951737037,0.0,784,0,1.332824591091267
1.147534922091616,0.0,407,0,1.1136858517507564
0.9195064575905558,0.0,595,0,0.8553342739453298
0.8605842115182826,0.0,594,0,0.8475967116420153
0.9350493204059352,0.0,581,0,0.9695719138734301
0.9100281358480097,0.0,426,0,0.9701486091945573
0.9552890597076441,0.0,802,0,0.8802878334108958
1.1661200330493886,0.0,599,0,1.2383740905114995
0.9920732866737666,0.0,602,0,0.9444442790711881
1.0869905643485316,0.0,405,0,1.1193357614970385
0.7837404614647553,0.0,758,0,0.7243300980631971
1.0155635984411626,0.0,547,0,1.0825162950267264
1.0768995345536407,0.0,674,0,0.9854868453902497
0.9617763376382901,0.0,613,0,1.0391075913686105
1.1134479863493825,0.0,505,0,1.0856329646458542
0.838272407992253,0.0,677,0,0.8725041450170005
0.9970423138665608,0.0,620,0,1.036133114064891
1.1823140184123895,0.0,489,0,1.1664010603306958
0.834734428453881,0.0,711,0,0.7849528322672996
1.169656161960922,0.0,627,0,1.1984617921949692
1.0723166549305945,0.0,508,0,1.1059376220440649
0.7792732462310307,0.0,543,0,0.7201433508181357
0.9249087836880843,0.0,520,0,0.9773000602564451
0.7598898159295193,0.0,802,0,0.781373709853716
1.4234162108616926,0.0,596,0,1.4068847374792124
0.9048762487389094,0.0,405,0,0.8816144650677739
0.7635255430816823,0.0,629,0,0.8142427805973702
1.1532066482508332,0.0,578,0,1.0880844412119268
0.962393000034187,0.0,798,0,0.9759780173708521
1.3000206229628897,0.0,392,0,1.3207872309048652
0.5259601843296602,0.0,604,0,0.5276262191025739
1.1401389129474395,0.0,469,0,1.1410376699543732
0.7797592863416796,0.0,708,417,0.7323602690289828
1.1820405338077735,0.0,788,0,1.2193935022095792
1.0802836570323608,0.0,603,0,1.170030122878526
1.0741514896151239,0.0,408,0,1.007005500968338
0.8501908992462645,0.0,588,0,0.8358874188052884
0.8606066678882576,0.0,811,0,0.8341264629259887
1.342211577796121,0.0,375,0,1.4343826812307678
0.5859311725431965,0.0,625,0,0.5407627389978595
1.1953629029732447,0.0,602,0,1.1965623984494944
0.9746507144135145,0.0,601,0,0.9896067872767307
0.8874089665423851,0.0,600,0,0.8542806443827042
1.044109042887422,0.0,418,0,1.0431238985373648
0.8214350114914465,0.0,780,0,0.8304822037979283
1.1960979445289424,0.0,599,0,1.1782564191209295
1.1034604087580389,0.0,756,0,1.0807039091523734
1.0753900402363294,0.0,445,0,1.1492168865952792
0.9410020966055285,0.0,710,0,0.8545504283776141
1.0167561634342512,0.0,491,0,1.1177320753245128
0.8734791555497314,0.0,729,0,0.8329500092384441
1.1980333419586684,0.0,471,0,1.1730410719747981
0.8210323041753407,0.0,599,0,0.7741974079135695
1.0748412906562057,0.0,791,0,1.1366238679223433
1.2154296887069624,0.0,600,0,1.146245508202038
0.9687400320211774,0.0,568,0,0.9923249489272347
0.9118453538971639,0.0,630,0,0.9702766776295166
1.0311777226417984,0.0,533,0,1.022445584048789
0.988794095815295,0.0,680,0,0.957308869572002
1.1593068850602413,0.0,399,0,1.1707387006782781
0.7128638423769034,0.0,732,0,0.6998327339766977
1.1733517231429837,0.0,665,0,1.135741155191483
1.1169616521773778,0.0,401,0,1.1871709118672467
0.7271645525188056,0.0,800,0,0.6755254761291563
1.2583740072431762,0.0,507,0,1.3097344899285142
0.8849387558988656,0.0,695,0,0.816484067600808
1.0816540783977093,0.0,400,0,1.1206029775049382
0.7497018510390839,0.0,664,0,0.7710160187409906
1.0687448750263857,0.0,535,0,1.0873600112931894
0.9287216695469608,0.0,597,0,0.8726704730774805
0.9403403582000185,0.0,567,0,0.8998558440317526
0.9188072770572828,0.0,835,0,0.9512871501627552
1.4348388376868604,0.0,402,0,1.4736013003556148
0.7868960734920026,0.0,768,0,0.7413480033325661
1.2897096365146254,0.0,398,417,1.3358108680925773
0.6354553073313681,0.0,601,0,0.5968925297638706
0.9925605687705533,0.0,626,0,0.9737366707729821
1.1262721322709184,0.0,723,0,1.133254160343775
1.0288914594261989,0.0,648,0,1.0654305712934284
1.1953840523356172,0.0,600,0,1.1602115825945944
0.8906519322438867,0.0,601,0,0.9445981518953226
1.0503725638617745,0.0,612,0,0.9932229774271896
1.0595217553620415,0.0,430,0,1.1596144463831968
0.7049317468372238,0.0,756,0,0.6860119508100285
1.18069568322098,0.0,601,0,1.105264204959355
1.0732630362738986,0.0,598,0,1.0891928976522454
1.0010980997323466,0.0,600,0,1.0142500385334399
0.9855293690840111,0.0,479,0,0.9163055759838099
0.904221988802414,0.0,766,0,0.901185395815812
1.2427002899367565,0.0,558,0,1.317931465710238
0.8114345258710567,0.0,589,0,0.776773436843097
0.9839530181000109,0.0,614,0,0.9648891621685421
1.1603903961204658,0.0,597,0,1.183621705858665
0.9391449016705636,0.0,600,0,0.9237879549281218
1.0886255901831194,0.0,416,0,1.045781691027974
0.6690835002190382,0.0,766,0,0.7441298714311723
1.1623906189124495,0.0,541,0,1.1015625563930138
0.9383493380551267,0.0,663,0,0.9572003481108287
1.0357700127449825,0.0,752,0,1.0468654753733309
1.3012120361042745,0.0,463,0,1.288889191840703
0.8561188132142394,0.0,583,0,0.8782044716529873
0.7673561885275346,0.0,609,0,0.8222020937831805
1.0965325431151998,0.0,601,0,1.0384981787041645
1.038219590032512,0.0,600,0,1.0016236469784299
0.9788810532523697,0.0,605,0,1.006454133280928
0.9706624787513604,0.0,793,0,1.0224082779341848
1.316978520112024,0.0,361,0,1.2870652446464885
0.6172365576195734,0.0,816,0,0.6262297364787354
1.2950739789027585,0.0,433,0,1.3403978515447987
0.9403041670221005,0.0,798,0,0.8570798544611024
1.266618031214166,0.0,365,0,1.2919846458419413
0.49785758897141164,0.0,633,0,0.5148773013948063
1.0756670650009559,0.0,601,0,1.0795347855799986
1.0856302083897773,0.0,745,0,1.0839661083751173
1.1514458968966925,0.0,449,0,1.1551036246154227
0.6977706261386949,0.0,651,0,0.7136019083650168
1.1832559301531087,0.0,431,0,1.245745325839618
0.8161245732344308,0.0,659,416,0.6823726380198469
0.9813838669370111,0.0,645,0,1.0334221633406926
1.1354180166934675,0.0,601,0,1.1614914326221364
1.0329623065612556,0.0,601,0,0.9861924434683881
1.0227668856492964,0.0,600,0,1.0146553998617756
0.8894150410221756,0.0,600,0,0.9629181955099047
1.002351740302327,0.0,550,0,1.0119904560392936
0.8606264658584702,0.0,515,0,0.8568598914115746
0.9658109627604353,0.0,736,0,0.9613419227762257
1.1947877718076771,0.0,399,0,1.185670324062557
0.6966123909137959,0.0,800,0,0.652812786506002
1.2686274469563368,0.0,605,0,1.3241731481690127
1.1341448665277896,0.0,596,0,1.1204444563150862
0.878696231068642,0.0,649,0,0.86323464823762
1.1336835187469803,0.0,552,0,1.1828953689180952
1.0047509955665819,0.0,544,0,0.9374054614863007
0.7370538966422736,0.0,712,0,0.7731792370381478
1.2450570593449086,0.0,665,0,1.2911748766961857
1.0447056873120377,0.0,675,0,1.0327859331817224
1.1991111548742197,0.0,401,0,1.122876266718508
0.6532032127781836,0.0,534,0,0.7019242601718279
0.8467872157476494,0.0,666,0,0.8458063161131717
1.0285928568714022,0.0,550,0,1.0692714324535646
1.0131287030261118,0.0,653,0,0.9415830907832239
1.1360207789549897,0.0,590,0,1.2166224802976473
0.8458894736825422,0.0,448,0,0.807471959174424
0.9748039502330494,0.0,718,0,0.9175462128749149
1.0100199126123457,0.0,631,0,1.0633885084770867
0.9856194993005268,0.0,562,0,1.0218530962031094
1.0099081537782175,0.0,663,0,0.9713465168777209
1.2305969343164451,0.0,612,0,1.2500354098302446
1.0202591408850479,0.0,790,0,1.013715476475931
1.2013322623409775,0.0,386,0,1.3201427767142413
0.6751668056696095,0.0,798,0,0.534418673304436
1.2524191057107095,0.0,598,0,1.2932468559175299
1.0694562599038822,0.0,400,0,1.1122373494798756
0.6958186848117756,0.0,671,0,0.6350000702933788
1.1602519658044053,0.0,731,0,1.1346603505677402
1.1229445871873103,0.0,600,0,1.2055094297558338
0.9207007041399304,0.0,600,0,0.937425902376571
1.0010968012793209,0.0,402,0,0.9630155132178102
0.8033537630249095,0.0,764,0,0.8000132392197252
1.2150343002488866,0.0,602,416,1.188906897679423
1.047615244266422,0.0,600,0,1.0499400713232725
0.9445340609300044,0.0,613,0,0.9682695967449202
1.1775181826589118,0.0,394,0,1.1810216007784984
0.69965421631017,0.0,784,0,0.6533459778915682
1.0638352438652532,0.0,413,0,1.119357096303793
0.924722192150224,0.0,799,0,0.8551512594438125
1.3172404342966413,0.0,797,0,1.341810716345179
1.1867135591152682,0.0,399,0,1.2180206848676876
0.7926528076526355,0.0,600,0,0.7640337562723319
0.9136203412109015,0.0,602,0,0.8755403025581247
1.0051465788980243,0.0,599,0,1.009072474257371
0.9498247233376568,0.0,602,0,0.9783194826149444
1.079390163063257,0.0,601,0,1.1134914547126749
1.0232823549774177,0.0,736,0,0.9712195211425422
1.1221570286073577,0.0,655,0,1.1731600224616192
1.0888309447480575,0.0,361,0,1.040175523594982
0.7053517949454421,0.0,696,0,0.6360907079984471
1.2215300796834614,0.0,550,0,1.28306192906397
0.8240254810566253,0.0,595,0,0.8197181382515182
0.9555578001319169,0.0,605,0,0.9324188377712413
1.0120997609443207,0.0,626,0,1.0324868883205658
1.2238290270151813,0.0,776,0,1.1946976886636034
1.0576038197103668,0.0,399,0,1.1782340116143937
0.8606023331111491,0.0,579,0,0.7156294301398833
0.8593973632409676,0.0,618,0,0.8678825371996268
1.05248877182963,0.0,591,0,1.1050957910937456
0.9267080226616042,0.0,611,0,0.8998668690017234
1.1246946940407136,0.0,566,0,1.0563008234577331
0.8450677979140772,0.0,636,0,0.9230403427752295
1.1703723178491583,0.0,601,0,1.203872132323505
0.8916810206293666,0.0,600,0,0.8696690590903726
1.137032390659967,0.0,598,0,1.121894627230071
0.9535532826218057,0.0,598,0,0.9483695855418585
0.9332351325603726,0.0,601,0,0.9529711696299873
1.064071457701703,0.0,400,0,1.0421230696417354
0.702957010057059,0.0,801,0,0.7233276005234638
1.2495689266347614,0.0,801,0,1.2382413141163904
1.280447183304228,0.0,253,0,1.3399620970560027
0.567254663065721,0.0,570,0,0.5002000270474779
0.9733936652716889,0.0,775,0,0.9903644708886774
1.21912275593205,0.0,759,0,1.2750401609131352
1.1353066758373098,0.0,407,417,1.1489335746642428
0.7965054937465814,0.0,603,0,0.7324801134322881
1.0390847742736073,0.0,790,0,1.048765822629722
1.1953764106900167,0.0,611,0,1.2078769973612626
1.1053233600077483,0.0,406,0,1.1349487876199522
0.7977866645241389,0.0,704,0,0.7540776720387089
1.0779776292404433,0.0,635,0,1.073816580614329
0.9607704546085745,0.0,453,0,1.0101959484946226
0.9036936249873047,0.0,600,0,0.7942180382475564
0.9974872733488763,0.0,804,0,1.0287695068241036
1.338479443407805,0.0,561,0,1.4048364768419142
0.8281562301989088,0.0,637,0,0.7833690506351542
1.0561032594159545,0.0,601,0,1.130373365487592
1.0082469938057677,0.0,779,0,0.9448668631904517
1.1637830241983964,0.0,493,0,1.2744489841449655
1.0405213273225713,0.0,529,0,0.945256968344125
0.8888172063959502,0.0,595,0,0.9256369913783241
0.9428433523454579,0.0,601,0,0.9301476939572336
1.0449159117208227,0.0,401,0,1.0291158696644869
0.7705405331847727,0.0,801,0,0.6958938995699012
1.129387007313985,0.0,605,0,1.231563996357684
1.0941786427098754,0.0,596,0,1.1131745315218353
0.9702343087265219,0.0,598,0,0.9551337323883897
0.9825619324361815,0.0,600,0,0.952553591443035
0.9927408221874112,0.0,599,0,0.9646102602254943
1.0318780570226924,0.0,601,0,1.0888714452845532
0.9268835444777036,0.0,402,0,0.884704734353404
0.8231297158263015,0.0,799,0,0.826328173896186
1.2941751150647938,0.0,611,0,1.3029323814286233
1.0157243098481568,0.0,589,0,1.0514886922403759
1.0190281040480353,0.0,599,0,0.9432374918176155
0.940617534634422,0.0,598,0,0.9655774182668884
0.9113367977133027,0.0,601,0,0.9558557785298357
1.0598550689355783,0.0,516,0,1.084159194335689
0.8723081615436444,0.0,486,0,0.7821247784836803
0.9024617791801267,0.0,773,0,0.8943803075943078
1.0809385179134376,0.0,686,0,1.1307826600484578
1.2335053795561355,0.0,545,0,1.2785509881073316
1.0014176866158182,0.0,596,0,0.9509696310275928
0.8420809434160822,0.0,602,0,0.8426324954334916
1.1168060075665256,0.0,596,0,1.1591444846902743
1.0029364820674784,0.0,601,0,0.9261579063108417
1.0647271044057485,0.0,566,0,1.059302714200299
0.8594123882533701,0.0,601,417,0.9315684252226742
1.0632014242145997,0.0,600,0,0.9758354078944175
0.9141165648543453,0.0,473,0,1.0051006245350937
0.8871363387170083,0.0,682,0,0.8270156552669126
0.9959788235517981,0.0,642,0,1.0326607848739446
1.1253659432291074,0.0,595,0,1.1373047939055196
0.9195969077304245,0.0,505,0,0.9109039366423862
0.917227437878057,0.0,713,0,0.9334593565587663
1.316520115876868,0.0,589,0,1.2722905929968225
0.9972619129408054,0.0,601,0,0.9337106662796705
0.8696829106416492,0.0,600,0,0.9578530263331066
0.9265474539913368,0.0,726,0,0.9534067453354869
1.2408515363137336,0.0,662,0,1.2224677405929274
1.0661460212662224,0.0,459,0,1.0553572052170876
0.9429407765438802,0.0,751,0,0.9094988191182019
1.1392864058579102,0.0,601,0,1.1772136357449778
1.0418437591483551,0.0,707,0,0.999758043276055
1.1706912018637696,0.0,494,0,1.1871224019993745
0.7416764072526513,0.0,585,0,0.7720077296884821
0.9386046681080202,0.0,614,0,0.9438806349307294
1.1489890900626072,0.0,599,0,1.112758919951148
0.9983034526094821,0.0,598,0,0.9774820616526134
0.949377149299199,0.0,601,0,1.0386423972302705
0.9549687619665395,0.0,482,0,0.9459912909386199
0.9305504511324421,0.0,623,0,0.862551874827043
1.0253897544996502,0.0,795,0,1.0043844186480104
1.2633484038470333,0.0,303,0,1.336733151526468
0.5684756710285195,0.0,618,0,0.5516720361757242
1.0569193728544515,0.0,588,0,1.06527371874768
1.0565916149377665,0.0,791,0,0.9884427292310993
1.1851497907844124,0.0,587,0,1.2474316098952771
0.9242771771868483,0.0,614,0,0.8597870507360676
1.131216364140367,0.0,788,0,1.0843824350789917
1.1781953096004396,0.0,575,0,1.260383029483916
1.0217373315907965,0.0,440,0,0.9706072479453469
0.8236907553523789,0.0,600,0,0.8966279712019989
0.9277128786859935,0.0,748,0,0.8825318617582182
1.1870766264405066,0.0,575,0,1.2143140303690356
0.9975291947683794,0.0,472,0,0.989967154808699
0.8567118902735473,0.0,602,0,0.893125666011618
1.023528846716077,0.0,509,0,1.004863081128045
0.7811660852058838,0.0,651,0,0.7636027097436855
1.1124955346233016,0.0,808,417,1.0471083822792844
1.3748138895602013,0.0,598,0,1.4735083330412657
0.9390882975604595,0.0,401,0,0.9397332200109697
0.7925476696263208,0.0,619,0,0.7804121536889559
1.0537124957827313,0.0,585,0,1.0334729377969911
0.9853046239378295,0.0,678,0,0.9876113273064281
1.0382735200650883,0.0,517,0,1.0547685314150732
0.78766845981996,0.0,798,0,0.7650360750287685
1.3182025639474844,0.0,550,0,1.3137277936464102
0.9105308602878741,0.0,453,0,0.9563786600786185
0.8765401604130941,0.0,781,0,0.839410880019127
1.160375968858964,0.0,616,0,1.1793643988057898
1.0856146725118148,0.0,598,0,1.0526313558848204
0.9107171165302482,0.0,406,0,0.979023888804437
0.8450902018538834,0.0,598,0,0.8617815571954539
1.013355666849666,0.0,801,0,0.9699461669081184
1.2565865834302803,0.0,600,0,1.2702782082077537
0.9256994558630983,0.0,601,0,0.9458312798879609
0.9629031376528016,0.0,575,0,1.0028896710976842
0.9568404552046372,0.0,622,0,0.9182185572598437
1.1672341111024522,0.0,771,0,1.164845884026042
1.1115145114260474,0.0,527,0,1.1630497078372681
0.9911883889201973,0.0,305,0,0.9624716544288666
0.6759662321945669,0.0,799,0,0.5771339361485979
1.1367777344560002,0.0,592,0,1.273844934979424
0.9502842920911574,0.0,651,0,0.8815697096491353
1.1700513814819948,0.0,359,0,1.232436458846193
0.640072386599779,0.0,796,0,0.6146436849279535
1.2463411610231723,0.0,600,0,1.2629337903741589
1.0961217811375585,0.0,800,0,1.0511280267362464
1.1840837941634876,0.0,400,0,1.232674359819835
0.826119346444712,0.0,781,0,0.7782788517968007
1.1555408986293114,0.0,421,0,1.1289970916686285
0.8475859515079329,0.0,798,0,0.7879944129017609
1.1506912479238571,0.0,402,0,1.2643715656472303
0.834363279940786,0.0,799,0,0.7980926894507926
1.2726223393202765,0.0,598,0,1.3000989045516669
1.0777526700943911,0.0,601,0,1.0173137882967074
0.8525209309876541,0.0,542,0,0.8799504693297859
0.9553342833465858,0.0,731,0,0.9377409781400098
1.2974744184711693,0.0,329,0,1.2996905635017175
0.5345627294485497,0.0,604,0,0.5355485837403736
1.0239416950091378,0.0,579,0,1.0690354385017549
1.0359548117613013,0.0,599,416,0.9799117266564731
0.9313681496802438,0.0,598,0,0.9596234577271383
0.9498932797297706,0.0,601,0,0.9136708465384913
1.0766022716435086,0.0,601,0,1.082843468459917
0.8958015874177152,0.0,600,0,0.9460773452988251
1.047978091842855,0.0,601,0,0.9740791599752676
1.076590246533824,0.0,601,0,1.080181742736778
0.986038204987508,0.0,598,0,0.942760319198388
0.8717816137474629,0.0,619,0,0.9407249905528934
1.232407460013375,0.0,581,0,1.2070302796674965
0.8703244873019774,0.0,602,0,0.8382483714287348
1.1215971154393225,0.0,603,0,1.134623282830865
0.9858067696407038,0.0,598,0,0.9885989262380926
1.0986260316369385,0.0,600,0,0.9818934799073524
0.7877778010799237,0.0,600,0,0.9228075073283303
1.066281921771745,0.0,400,0,1.022833186236307
0.6647440063859146,0.0,798,0,0.6336653933881435
1.3391665468391944,0.0,594,0,1.388406887807966
0.8518301880356294,0.0,600,0,0.8795316396597559
1.0441423028317218,0.0,604,0,0.9955004978454506
1.0207090645719896,0.0,790,0,1.0665262745252402
1.248073488074463,0.0,411,0,1.2487205182765249
0.8459001895435787,0.0,724,0,0.82739276883435
1.1933185300643667,0.0,478,0,1.1242339470746014
0.8250538677287567,0.0,602,0,0.8950941892985322
1.0137449469780595,0.0,676,0,1.0156737495204942
1.0485745951512226,0.0,710,0,1.0723089606666312
1.062959583115241,0.0,441,0,1.0718792848099272
0.9304266002548408,0.0,774,0,0.9060124852356706
1.321634903034872,0.0,602,0,1.291083339648211
1.0009773787688037,0.0,669,0,1.0070888139846588
1.0301977101012403,0.0,726,0,1.0536519701319653
1.101903990451068,0.0,408,0,1.1018929479255475
0.8863878327391809,0.0,590,0,0.8443031657478944
0.843227880436405,0.0,769,0,0.9109122202684724
1.2413353499259148,0.0,426,0,1.1924499058670477
0.6689685462295678,0.0,796,0,0.6965284610847674
1.3069499188765261,0.0,609,0,1.3340997927530918
1.1595806870466665,0.0,581,0,1.1238917558444772
0.8057000343579744,0.0,421,0,0.8487050488934694
0.8649396409280583,0.0,794,0,0.816563089818005
1.1461992199412085,0.0,560,0,1.207651849596127
1.0394682661920376,0.0,609,416,0.9938070028634864
0.9983511060080522,0.0,416,0,1.0056391198251327
0.8593510408443741,0.0,740,0,0.8818350240616245
1.1391943496842034,0.0,429,0,1.0815339404051023
0.7681974893055634,0.0,624,0,0.6860042035338327
1.0341956638823446,0.0,587,0,1.1703868551501255
0.8836963133398199,0.0,612,0,0.8390905599456479
1.1615813604600547,0.0,798,0,1.132276930843326
1.2004224919822961,0.0,598,0,1.289265947841547
0.991556994336979,0.0,402,0,0.9412354764597627
0.731377190921933,0.0,747,0,0.686956224589429
1.2207347632314813,0.0,631,0,1.2522498197447265
0.9864845742030384,0.0,423,0,1.0159782770694206
0.9062786443309315,0.0,603,0,0.8326091886802623
1.0561017240165256,0.0,775,0,1.0291957262037355
1.076283130322731,0.0,624,0,1.1470111774679093
1.2351993664089969,0.0,580,0,1.1932837511634422
0.7561805443332987,0.0,443,0,0.8090817835734738
0.9143039463342658,0.0,576,0,0.9057053355317242
0.9732407403199462,0.0,672,0,0.9439488109612522
1.1190220489814393,0.0,682,0,1.0910680960582169
1.0227511821219457,0.0,483,0,1.0402218880632919
0.911420528771653,0.0,763,0,0.9357012395065266
1.1877193125572867,0.0,594,0,1.1669960511425315
0.9642543616579675,0.0,671,0,0.936383238189484
1.1832987549202694,0.0,331,0,1.2507329030655938
0.5037515185355211,0.0,801,0,0.4457298220314664
1.3231799351044464,0.0,524,0,1.328416390935871
0.8789732359585206,0.0,678,0,0.9111463071984495
1.1420409221137324,0.0,601,0,1.1271667082757284
0.9859875147449866,0.0,600,0,1.0181926869839022
0.9880103065882677,0.0,599,0,0.938830960306323
1.0678064514844174,0.0,598,0,1.1218314571318593
1.0067004407626452,0.0,577,0,1.0159111737386786
0.8340080944168425,0.0,624,0,0.8078164149929746
1.054015613268365,0.0,533,0,1.105735120163194
0.8891195517039264,0.0,469,0,0.8750429870207882
0.9238914798726305,0.0,801,0,0.8611276274900982
1.1184699555228346,0.0,597,0,1.235994484830751
1.0123485598005768,0.0,403,0,0.9629996610988248
0.85741946672811,0.0,796,0,0.8265583275936327
1.127511331393541,0.0,583,0,1.2258230263188854
0.9612626188369194,0.0,602,417,0.9505959143427949
1.086896828566987,0.0,579,0,1.035548373495407
0.9003465294776678,0.0,602,0,0.9271381751273363
0.9229999946432802,0.0,602,0,1.003419108034017
1.0497785156796309,0.0,619,0,0.9964997772858412
1.144831988276906,0.0,598,0,1.0925514014775464
0.9685327093909389,0.0,603,0,1.0280117040232923
1.1068947057823701,0.0,595,0,1.0880206751693922
0.8105884343301893,0.0,603,0,0.8392280443009067
1.1124382813000855,0.0,775,0,1.1593237447425584
1.2022504791308664,0.0,445,0,1.1245713707501435
0.8846672064123876,0.0,381,0,0.9086215890751107
0.6109394804435612,0.0,800,0,0.589881244806694
1.233507372845593,0.0,599,0,1.2927004941624307
0.985003878884863,0.0,509,0,0.9607745241865335
0.9011996495323561,0.0,689,0,0.8803089894343534
1.2175053829503721,0.0,604,0,1.2449402050595804
0.998905899788861,0.0,409,0,1.0074698607846264
0.736274022591285,0.0,788,0,0.6923222860547842
1.1715748402545885,0.0,409,0,1.2205977864969964
0.7737008434006212,0.0,792,0,0.7643667103654533
1.2300365580403876,0.0,600,0,1.2533467148651838
0.9379978428131843,0.0,599,0,0.9022744840656413
1.109107184996576,0.0,670,0,1.1050853024736649
1.0630355862122682,0.0,528,0,1.1162349439968957
0.8352726233732165,0.0,793,0,0.7636369169478114
1.264745822658265,0.0,601,0,1.3142171831242542
1.0782723061750223,0.0,422,0,0.998766689895157
0.8931204455941609,0.0,628,0,0.8910341398164878
0.9522068326629604,0.0,738,0,1.01540044945408
1.1115191031900042,0.0,337,0,1.08506026215169
0.6901490258097835,0.0,760,0,0.6285802004821013
1.2197850607359746,0.0,592,0,1.3141945372399897
0.9791189876320252,0.0,504,0,0.997849352799145
0.776212628712543,0.0,627,0,0.7267495724191378
1.1184288873894663,0.0,801,0,1.0905961081545972
1.2294554351067555,0.0,430,0,1.3195377740377834
0.8732968539421763,0.0,571,0,0.8344402872063498
0.9893280934874313,0.0,601,0,0.9023098831584127
0.9885147871671931,0.0,636,0,1.0633677696146548
1.050747297577152,0.0,560,0,1.0435058988482488
0.8429934177088996,0.0,781,0,0.8373749554293095
1.153639905195707,0.0,349,0,1.2417434405234746
0.6985859130281196,0.0,658,417,0.6426268465470936
1.2733586369538534,0.0,596,0,1.2355077175079272
0.8808049998464866,0.0,647,0,0.8575221643374489
1.1389585157714315,0.0,583,0,1.1899073690084592
1.0049772116807032,0.0,569,0,0.9826929988107561
0.9285977503783102,0.0,601,0,0.8958120042352871
1.003893387292263,0.0,746,0,1.047896578240556
1.1153488831712577,0.0,454,0,1.121866021902579
0.9017763622977572,0.0,583,0,0.8359378356949932
0.8465911555863035,0.0,648,0,0.8599064183839149
1.1899369498437735,0.0,703,0,1.2376515676145952
1.0791343326630516,0.0,675,0,1.0584379989879862
1.274606918695565,0.0,389,0,1.255049327795286
0.6553726209716293,0.0,745,0,0.652178046207839
1.0431334152091434,0.0,491,0,1.1007626799230164
0.9825908229892761,0.0,569,0,0.9442907638136472
0.925277784185284,0.0,598,0,0.9408308302646141
1.0000507907283256,0.0,596,0,0.9959732604766895
0.9103035947877718,0.0,808,0,0.843409547235928
1.4400107814906422,0.0,396,0,1.5036417809657592
0.5828665663956714,0.0,599,0,0.5696153833838947
1.0669298870192254,0.0,612,0,1.0160495520104216
1.0352615435388965,0.0,587,0,1.116162000411791
0.8790896476224695,0.0,600,0,0.9140632162805911
0.9976238274880692,0.0,397,0,0.9825948467807992
0.65447487284655,0.0,604,0,0.5684307056646961
1.0359692501872961,0.0,788,0,1.0722306535826216
1.1585346085862012,0.0,556,0,1.2298364729548907
1.0563562007373717,0.0,457,0,0.9705331124715968
0.9298337153783274,0.0,797,0,0.8727926416636446
1.1834734201594042,0.0,401,0,1.2896651113489261
0.767454232078228,0.0,894,0,0.6656844091498244
1.3625291663602532,0.0,480,0,1.4809755154053474
0.7571918390546732,0.0,632,0,0.7079422847262739
1.2342934092814568,0.0,448,0,1.2147447789255204
0.7677869905864996,0.0,726,0,0.7235775991668583
1.0159137329650358,0.0,622,0,1.066383128698915
1.153351529574593,0.0,598,0,1.1484316703556212
0.9411245745361869,0.0,565,0,0.9244788331814882
0.9013824641575131,0.0,785,0,0.9156107644979133
1.2805674678150696,0.0,431,0,1.3278742007910314
0.7597819214211257,0.0,620,0,0.6921847421050931
1.2129448903683506,0.0,588,0,1.197564895989228
0.9321714019151024,0.0,794,417,1.0034475941726446
1.1779228401878963,0.0,373,0,1.1758201987295196
0.6510228837875455,0.0,625,0,0.617207556593297
1.0599558266246645,0.0,602,0,1.0500325618821635
1.0981849452553005,0.0,600,0,1.1149531869475209
0.9368716562236664,0.0,601,0,0.9363386019597097
0.9359175540695415,0.0,593,0,0.9430449422069345
0.9521121664780713,0.0,412,0,0.9666693074550347
0.9141831161250151,0.0,754,0,0.8544775443869415
1.116461655066092,0.0,442,0,1.1123906263596874
0.7821148030165931,0.0,796,0,0.8380008757514958
1.3173101927976691,0.0,601,0,1.2420163830232949
0.9542582917963703,0.0,598,0,1.012437533470222
0.9338211928648046,0.0,803,0,0.9652112104805574
1.4088234224846776,0.0,575,0,1.3909191506949588
0.9860399305011893,0.0,426,0,0.9074397122942292
0.7850700494081568,0.0,801,0,0.8507166589549184
1.1718841202137789,0.0,398,0,1.2199546433838824
0.7809395026785274,0.0,603,0,0.7402607029157051
1.1523754358773541,0.0,706,0,1.063814370290125
0.9785248242719109,0.0,691,0,1.0856825472135074
1.198593648596547,0.0,402,0,1.0983727048110519
0.676597436684987,0.0,799,0,0.8074399569642923
1.3211954464011308,0.0,415,0,1.2730468463423947
0.7767507440441064,0.0,588,0,0.7552001331706123
1.009824251985799,0.0,750,0,0.974753590165326
1.0723690546054112,0.0,446,0,1.1126117217034281
0.8482614198072385,0.0,799,0,0.8396347167067526
1.3366062975984474,0.0,600,0,1.3137747540590432
0.9630580658886333,0.0,409,0,1.0214106671378982
0.758227042929404,0.0,808,0,0.7259250238541782
1.3519586401748958,0.0,390,0,1.356158314293161
0.7237099545280689,0.0,796,0,0.648407208505626
1.0316936720405228,0.0,551,0,1.1508709896575093
0.9622508313268635,0.0,551,0,0.9389553934809138
0.9787525431151671,0.0,514,0,0.9750710497060558
1.0070212022412408,0.0,782,0,0.9547719941844793
1.1983748389373194,0.0,605,0,1.2435987343890658
1.0934789899503763,0.0,578,0,1.0616031784749864
0.7619194421731211,0.0,418,0,0.7877111605651571
0.8155985276784089,0.0,602,0,0.7943077874625628
1.0700458849490104,0.0,566,0,1.0439169812420832
0.9834918627648711,0.0,613,416,0.9920303140540662
1.0661918920040563,0.0,777,0,1.0652719309147116
1.208627796044836,0.0,592,0,1.1271223700181157
0.8935663506632255,0.0,615,0,0.9789802060855795
1.00750609507925,0.0,440,0,1.052017533232386
0.9183908551472065,0.0,549,0,0.8705408660401264
0.7489998501947431,0.0,435,0,0.7561606166355915
0.9252581513850515,0.0,778,0,0.8858981724541471
1.1424546959785473,0.0,600,0,1.217702808165932
1.072409621375564,0.0,521,0,1.0531402923364506
0.8183144964654472,0.0,673,0,0.7968929939346607
1.1217365357338303,0.0,497,0,1.0603496691865097
0.861565796366623,0.0,511,0,0.9266520037488352
0.9866118136050213,0.0,916,0,0.9190506743177022
1.2759920791851305,0.0,283,0,1.4190255536000442
0.6373161294763487,0.0,622,0,0.5316140997271331
1.0640484405033608,0.0,579,0,1.0852720607639958
0.9806783093706287,0.0,797,0,0.9424575198879976
1.2801004289989202,0.0,597,0,1.3086640547359871
0.9615512205667884,0.0,525,0,0.8996324840995851
0.8396427854913044,0.0,732,0,0.9052721436035157
1.3136258616307992,0.0,546,0,1.3055249776103235
0.872064063864878,0.0,400,0,0.8500928840322941
0.7307255971472965,0.0,777,0,0.7158268664940111
1.1675903531533969,0.0,624,0,1.1634665112966007
1.0866972309632041,0.0,598,0,1.1760688267009716
0.9615312022607518,0.0,600,0,0.9387624267092066
0.9694333685338646,0.0,602,0,0.9750367829074975
1.1899521645355748,0.0,604,0,1.1331582133078117
0.90261371210632,0.0,596,0,0.991734010536794
0.9970561488661801,0.0,791,0,0.9309606216078995
1.1079222199731025,0.0,217,0,1.1941121137720674
0.6517053106143865,0.0,795,0,0.5445143872928798
1.2410523558283928,0.0,597,0,1.304014139563283
1.0364173789857811,0.0,598,0,0.9793518369652476
0.9540304089388814,0.0,201,0,1.0094190754754835
0.46480694532834355,0.0,998,0,0.33313832930888754
1.3398875690445922,0.0,602,0,1.532718857983743
1.078449558566692,0.0,400,0,1.0086208676495896
0.6852559258115328,0.0,618,0,0.7064844857239581
1.2051049668983296,0.0,785,0,1.1465312039103652
1.223498938677381,0.0,398,0,1.2928344624461856
0.6298779109566782,0.0,607,0,0.5896315441354609
1.0693700770874377,0.0,575,416,1.1269855412016117
0.9880360730201653,0.0,727,0,0.8850569970425828
1.1406188425665995,0.0,415,0,1.1609239744380118
0.671587189063965,0.0,744,0,0.6777256429743241
1.2452171594252133,0.0,529,0,1.3054558480688843
0.9108176136779883,0.0,589,0,0.9556178775561935
0.9684397309028768,0.0,654,0,0.8978042461062467
1.1012023232872294,0.0,541,0,1.134037707939329
0.8232505907414888,0.0,416,0,0.7700663814626852
0.8312145551976595,0.0,591,0,0.8733712440066045
1.0095102036813723,0.0,801,0,0.9903716222205505
1.2641242326998905,0.0,595,0,1.3254021045513917
0.8986957475838018,0.0,407,0,0.8660013197559958
0.8186548098926995,0.0,794,0,0.8092781472278207
1.3499308215526145,0.0,598,0,1.2874073166877482
0.936224460094693,0.0,799,0,1.0071659291800228
1.180652408254546,0.0,399,0,1.1945508479824773
0.8131366677117786,0.0,736,0,0.7852084923817602
1.1507333331429166,0.0,486,0,1.1235810304745943
0.9393528490894312,0.0,581,0,0.9428190793086112
0.8386165444410058,0.0,599,0,0.8750781477358306
0.9609168578332541,0.0,792,0,0.9314736104809247
1.2887348318034808,0.0,411,0,1.3067783677099354
0.88154606020652,0.0,598,0,0.8389607632721524
0.8857852306195265,0.0,599,0,0.9081730813778076
1.0622739916320323,0.0,769,0,1.0417941083755764
1.2294021027588666,0.0,479,0,1.1801279226720998
0.8413856611860961,0.0,559,0,0.944065675642944
0.9734238775560611,0.0,570,0,0.9630373247800226
0.7873971489081781,0.0,625,0,0.7615812666009109
1.2710158791018034,0.0,599,0,1.2223278128659454
0.8282381612663953,0.0,598,0,0.8575877182129515
0.9669597105666681,0.0,549,0,0.9726276183883406
0.9163740077411763,0.0,505,0,0.935461550699916
0.9716208890813371,0.0,724,0,0.9606774448563573
1.1216742487232003,0.0,623,0,1.058394495052425
1.0229410948409456,0.0,401,0,1.037108674921236
0.7001684461840785,0.0,603,0,0.7199670108930336
1.0755426592350055,0.0,598,0,1.0887657247616969
0.9592491975107682,0.0,601,0,1.000598265176703
1.0343411640501925,0.0,640,0,0.959793599831284
1.112060615943583,0.0,557,0,1.1197125174978826
0.8847418836184927,0.0,766,0,0.8401914478930674
1.3506827596909636,0.0,401,417,1.4123422763981102
0.7044044442782627,0.0,801,0,0.6621216752051164
1.1618944470076547,0.0,575,0,1.2353491963180752
0.9552781493056767,0.0,425,0,0.9265087387336457
0.8149971518743178,0.0,617,0,0.7958612355286803
1.0952757938556938,0.0,773,0,1.102706411926104
1.0317501994919933,0.0,407,0,1.110795998540868
0.7685427903348823,0.0,600,0,0.7438052009641369
1.0375434004108197,0.0,701,0,0.9951323830372865
1.1682617200761571,0.0,502,0,1.2011031366222704
0.8261050193155638,0.0,600,0,0.7827241792835042
0.9833960348132048,0.0,400,0,1.0488431762028154
0.7709057075062165,0.0,800,0,0.7023538764340999
1.230533171195707,0.0,578,0,1.311179893288917
0.9479577961338039,0.0,619,0,0.870495753054894
1.0985047076213752,0.0,602,0,1.1316726433000557
1.1467597704364638,0.0,599,0,1.06356121314182
0.8567014178645774,0.0,606,0,0.9224039338329626
1.0536812106120923,0.0,596,0,1.0892917052209579
0.8134852089935043,0.0,600,0,0.8383773933746105
1.0513815891849063,0.0,601,0,1.0127182232462384
1.1736045967052293,0.0,598,0,1.1360385314085364
0.879694235102869,0.0,599,0,0.9186518683769165
0.9795659337633662,0.0,799,0,1.005613017463796
1.3264978507138674,0.0,401,0,1.3150975120778234
0.7365376099309063,0.0,400,0,0.7072680333195123
0.7507060405156132,0.0,760,0,0.7114641964848732
1.1077308774811916,0.0,644,0,1.1345634500208608
1.208604112143167,0.0,598,0,1.2220464079567421
0.7854961588751318,0.0,574,0,0.8582684654128312
0.9485494199553616,0.0,425,0,0.9333096553448907
0.7680213852838274,0.0,598,0,0.7276666711374208
1.0906513253882921,0.0,792,0,1.0734886920479512
1.182032121867054,0.0,610,0,1.2131403776198078
1.0754724334874688,0.0,400,0,1.1295865997926948
0.7029051035886404,0.0,801,0,0.6107231460118653
1.2759737311710349,0.0,599,0,1.3741871795116465
1.03080669960347,0.0,402,0,0.9327883828457797
0.6809489518871944,0.0,594,0,0.6715218029800443
0.9529147442954603,0.0,606,0,0.9636141392900145
1.055518773704792,0.0,560,0,1.1822319636980074
0.8882792857906496,0.0,672,0,0.7684273557918206
1.2304549203365076,0.0,548,0,1.2727163356209963
0.8474694479874468,0.0,602,417,0.8448783116137824
0.9723165681344,0.0,600,0,0.9802017131639239
1.0930551462590634,0.0,608,0,1.074490712832226
1.0699215782659848,0.0,791,0,1.0849871993777205
1.1365084341009586,0.0,404,0,1.1586527114351397
0.9009544636179271,0.0,594,0,0.8231755092399636
0.792884763690496,0.0,601,0,0.8258939092681966
1.0816966955629732,0.0,801,0,1.0447021974817412
1.2376248806381211,0.0,518,0,1.314445787366462
0.9389765360682516,0.0,490,0,0.888277003407276
0.8261138120223549,0.0,583,0,0.9275224996210792
0.8567896944055826,0.0,608,0,0.7896871927505378
1.1056246193384174,0.0,598,0,1.0929403147425742
1.052184190537033,0.0,662,0,1.091339965858256
1.0648236595453926,0.0,739,0,1.0739289757136001
1.2632182857987586,0.0,477,0,1.2330923551678137
0.810443685390544,0.0,627,0,0.7746357249629535
1.0155916971550614,0.0,563,0,1.0103114425043722
0.9442157056019566,0.0,336,0,0.9896556547111963
0.60081595765775,0.0,911,0,0.5784784461351584
1.342649518483881,0.0,490,0,1.4378298615712943
1.0118781558052952,0.0,601,0,0.9151210174534757
1.0461211717235328,0.0,397,0,1.0156170156209683
0.686843651291671,0.0,646,0,0.6538726734840163
0.935840679028055,0.0,727,0,1.055148267137531
1.107124590180638,0.0,427,0,1.0607746966774965
0.8211271857900194,0.0,544,0,0.7890802830522473
0.809922309395466,0.0,732,0,0.8529969207170643
1.3399875899417382,0.0,523,0,1.3060696707213186
0.9312067421962015,0.0,765,0,0.8395387100763573
1.0617408642647486,0.0,659,0,1.2071568582416492
1.3245533188760463,0.0,391,0,1.2603987624140367
0.6557069555663824,0.0,665,0,0.6603831864267845
1.043691556448666,0.0,521,0,1.0414123464424212
0.8206137813305622,0.0,600,0,0.833797799631991
0.9422414100907313,0.0,741,0,0.925756656998333
1.2503263772374602,0.0,459,0,1.262883373484454
0.7461952997240004,0.0,600,0,0.7724536152307651
1.0295980508016205,0.0,472,0,1.0347078536225975
0.9182035338731052,0.0,727,0,0.8337106129775724
1.1775677555080204,0.0,594,0,1.1886200100824502
0.8587336948231543,0.0,607,0,0.888886416071722
1.0764648213218015,0.0,390,0,1.109518532290617
0.6110350147162744,0.0,777,0,0.540326686536902
1.3933414619133757,0.0,598,417,1.4647342447773888
0.9767708403306671,0.0,586,0,0.9075863145976262
0.9845491742067118,0.0,612,0,0.980609875430577
1.0092847557203113,0.0,601,0,1.0681763251660754
1.0203626662986658,0.0,597,0,0.9946977012482715
0.8817983772835137,0.0,404,0,0.9446258633063308
0.80304960686339,0.0,601,0,0.6871436490789343
1.037766932066051,0.0,604,0,1.0408694411643944
1.1033783712773584,0.0,783,0,1.1108016004175019
1.0936448453854395,0.0,611,0,1.1375516340440035
1.1334059035351978,0.0,412,0,1.1878169155131095
0.7595425823046097,0.0,589,0,0.6999097895776296
1.0458458667369595,0.0,601,0,0.9827431177282998
0.9962548807146187,0.0,599,0,0.9746574047516338
0.8434059182956566,0.0,601,0,0.9763539390496438
1.0713712089933887,0.0,600,0,0.988069727679489
0.9016688712419795,0.0,625,0,0.9055969332594156
1.1389213318768567,0.0,653,0,1.183224568561983
1.0775693446012893,0.0,328,0,1.0352009379552423
0.6632856390614064,0.0,731,0,0.617716493044927
0.9518833403846055,0.0,661,0,1.0789840138369111
1.190259919708957,0.0,462,0,1.1169891711317705
0.8019919557202393,0.0,678,0,0.8442870752511801
1.0737004503188188,0.0,659,0,1.039043348570618
1.0920029196430037,0.0,583,0,1.084614495798271
0.9176334268995414,0.0,589,0,0.9417842219921526
0.9920721482963891,0.0,429,0,0.9878455334252696
0.7354776115848747,0.0,711,0,0.7661242097676813
1.2523472357788634,0.0,636,0,1.1996918212771293
1.0446100786511627,0.0,454,0,1.0227269889579926
0.8757964305721565,0.0,588,0,0.8603264995370227
0.7732956754983769,0.0,469,0,0.8328742051205901
0.8969022541496489,0.0,554,0,0.9286274995843257
1.0109863320429537,0.0,646,0,0.966122588133342
0.9650944407176117,0.0,544,0,1.0334836647948005
0.9703666632565482,0.0,658,0,0.9075673039737304
1.0966298914307515,0.0,918,0,1.0903891962857377
1.396558273866092,0.0,285,0,1.3999546201387947
0.5967129500533762,0.0,732,0,0.6081437797941304
1.049221750244597,0.0,478,0,1.092126731553153
0.9937680675073433,0.0,529,0,0.9099618082625478
0.9318952291254445,0.0,614,0,0.9146665503129452
1.0124393772062898,0.0,734,0,1.044798978839756
1.0664388961659195,0.0,417,416,1.0977021482590914
0.7440446330220327,0.0,723,0,0.7888034073198968
1.2387489981187427,0.0,532,0,1.1796360302281
1.03183881667134,0.0,547,0,0.9695822833046459
0.8891089952960264,0.0,787,0,0.8930683361677692
1.066711718189509,0.0,412,0,1.1736127017691818
0.7791702834365145,0.0,602,0,0.6932148318669699
1.160940400770511,0.0,595,0,1.1454725684154283
0.7973528475586231,0.0,603,0,0.8460702002592863
1.1938751948929727,0.0,784,0,1.1308795605953375
1.1641054949979033,0.0,607,0,1.1920066424797848
0.9567444012207175,0.0,212,0,1.0021446215053798
0.5746253729425292,0.0,798,0,0.5270694283218268
1.1918349342283754,0.0,601,0,1.2226850218930028
1.05032645541156,0.0,602,0,0.9968018018686118
1.027615101072179,0.0,623,0,1.0641537009875
1.077379937497851,0.0,880,0,1.0892226948683834
1.3411602006894636,0.0,492,0,1.3781463952142814
0.8017172245098584,0.0,401,0,0.7816875341340772
0.7484779507873489,0.0,602,0,0.7013479820117268
1.068724594512837,0.0,595,0,1.092969873580983
0.8656409908878817,0.0,604,0,0.8355030347171134
1.1164685500493303,0.0,601,0,1.1542055365210355
0.925384354673953,0.0,800,0,0.8996231873681501
1.3160024295655146,0.0,406,0,1.3783339984870837
0.8215047605751011,0.0,791,0,0.7573191323990213
1.1590804109203474,0.0,400,0,1.1915988973741578
0.7084265277292573,0.0,795,0,0.7027016099464256
1.242101118062449,0.0,561,0,1.2286896377001868
0.8858504211410777,0.0,447,0,0.9687915843772188
0.8502113168251442,0.0,611,0,0.7860181423386511
1.177066506665272,0.0,790,0,1.128647033973444
1.1445552028811004,0.0,598,0,1.1844184834181843
1.0288478503953404,0.0,598,0,1.0652044700173762
0.9750641694675204,0.0,601,0,1.032108463675618
1.0626556957212345,0.0,592,0,0.967176158101535
0.8653322872665496,0.0,593,0,0.8647563324713347
1.0407497340763514,0.0,616,0,0.9939711855244046
0.9651497727890478,0.0,546,0,1.087962749381221
0.9558471726068413,0.0,455,0,0.8774716985137315
0.8191452888706586,0.0,792,0,0.8585831836096764
1.21854505347668,0.0,406,0,1.1902400251294187
0.6606710171322625,0.0,92,0,0.7346587666874047
0.28400155491914403,0.0,1067,0,0.19996573253566022
