cell_width_mean,cell_width_std,number_of_crossings,slope_mean,stop_cell
1.8407330513000488,0.0028148936107754707,1068,462.4166564941406,0
1.032057762145996,0.0008438875083811581,615,259.26666259765625,0
1.3123118877410889,0.0011694178683683276,746,329.67022705078125,0
0.49101296067237854,0.0008795710746198893,298,123.34899139404297,0
1.5503352880477905,0.0009447257034480572,897,389.4648742675781,0
0.8381785750389099,0.0018736460478976369,495,210.56161499023438,20
1.2699611186981201,0.0008700502221472561,706,319.0311584472656,132
0.7543210983276367,0.0010023325448855758,444,189.49549865722656,0
0.962356448173523,0.0007831444963812828,555,241.7567596435547,0
0.8373512625694275,0.0006626244867220521,489,210.35379028320312,0
1.1894683837890625,0.0007694433443248272,680,298.810302734375,0
1.1957409381866455,0.00097374600591138,702,300.38604736328125,0
0.9369276165962219,0.0008732067653909326,556,235.3686981201172,0
1.1371798515319824,0.000642325496301055,664,285.6747131347656,0
1.0200729370117188,0.0009154537110589445,590,256.25592041015625,0
0.809240996837616,0.0006386020686477423,469,203.2921142578125,0
0.7554437518119812,0.0007920032367110252,445,189.77752685546875,0
1.0015788078308105,0.0006744745769537985,564,251.60992431640625,0
1.3118658065795898,0.0009060772717930377,765,329.55816650390625,0
1.076434850692749,0.0012854492524638772,610,270.4147644042969,0
0.9054890275001526,0.0015324419364333153,550,227.4709014892578,0
0.9176258444786072,0.0019895220175385475,504,230.51983642578125,121
0.8671663999557495,0.005283842328935862,512,217.84375,31
1.1075208187103271,0.0010598917724564672,634,278.2239685058594,0
1.1366691589355469,0.0006341773550957441,668,285.5464172363281,0
0.9424676895141602,0.0006464333855547011,551,236.76043701171875,0
0.9574053287506104,0.0007512885495088995,540,240.51296997070312,0
1.1610357761383057,0.0007073361775837839,674,291.66766357421875,0
0.9177512526512146,0.0009092151303775609,526,230.55133056640625,0
1.18681800365448,0.0007491320720873773,692,298.1445007324219,0
0.9196425676345825,0.0008510021143592894,529,231.02645874023438,0
1.310157060623169,0.0006725008715875447,768,329.12890625,0
0.7416364550590515,0.0010347925126552582,424,186.3089599609375,0
0.8612631559371948,0.0005036426591686904,510,216.36077880859375,0
1.185374140739441,0.00103143067099154,669,297.7817687988281,0
1.0397239923477173,0.0010884241200983524,613,261.1925048828125,0
0.8702503442764282,0.0015145526267588139,498,218.61846923828125,7
0.6793153285980225,0.0021064002066850662,392,170.65306091308594,145
1.0833649635314941,0.0009188475669361651,623,272.15570068359375,0
1.1631019115447998,0.0006892654928378761,675,292.1866760253906,0
1.035681128501892,0.0008464119746349752,588,260.1768798828125,0
0.7940061092376709,0.0007643947028554976,456,199.46490478515625,0
1.2368055582046509,0.0007385050412267447,735,310.7020263671875,0
1.0213855504989624,0.0007264585583470762,572,256.5856628417969,0
0.7479824423789978,0.0009274344774894416,444,187.9031524658203,0
1.2220631837844849,0.000890987110324204,689,306.99853515625,0
1.0492196083068848,0.0010421073529869318,635,263.57794189453125,0
0.8863274455070496,0.0006077072466723621,496,222.65725708007812,0
0.8910577893257141,0.0008439336670562625,531,223.8455810546875,0
1.3100754022598267,0.0006414706585928798,738,329.1083984375,0
0.5850163102149963,0.0009485285263508558,360,146.96388244628906,0
1.3767263889312744,0.0005893166526220739,777,345.85198974609375,0
0.6024400591850281,0.0012342928675934672,349,151.34097290039062,142
1.0338093042373657,0.0009204083471558988,600,259.7066650390625,10
1.307213306427002,0.0008818595670163631,755,328.389404296875,0
0.66407310962677,0.0009529059752821922,375,166.82400512695312,0
1.3351556062698364,0.0010755636030808091,790,335.40887451171875,0
0.8974300026893616,0.0005328808911144733,522,225.4463653564453,0
0.9070068597793579,0.0008815921028144658,521,227.85220336914062,0
0.9930899739265442,0.0006628600531257689,576,249.47743225097656,0
0.9486154913902283,0.0008169823559001088,538,238.30484008789062,0
1.0912156105041504,0.0006009131902828813,649,274.1278991699219,0
0.8828433156013489,0.0009310109890066087,500,221.78199768066406,0
1.0016790628433228,0.0007424353971146047,592,251.6351318359375,0
1.0657899379730225,0.0007841548067517579,613,267.7406311035156,0
0.9495641589164734,0.0007856538286432624,556,238.5431671142578,0
0.8921526074409485,0.0007162115653045475,514,224.12062072753906,0
1.186225175857544,0.0015630715060979128,676,297.9955749511719,3
0.9473209381103516,0.0008167812484316528,540,237.97962951660156,149
0.9858270287513733,0.0009843724546954036,556,247.6528778076172,0
0.7916526794433594,0.0007905598031356931,483,198.8737030029297,0
0.9540215730667114,0.0007790292729623616,534,239.6629180908203,0
1.0973409414291382,0.0008930478361435235,654,275.6666564941406,0
1.0231688022613525,0.0006412662914954126,565,257.03363037109375,0
1.1917821168899536,0.0007519590435549617,733,299.39154052734375,0
0.988933801651001,0.0010261829011142254,540,248.43333435058594,0
0.8946166634559631,0.0006784664001315832,530,224.7396240234375,0
1.0457261800765991,0.0007374876877292991,594,262.7003479003906,0
0.9875337481498718,0.0007930307183414698,588,248.08163452148438,0
1.124504566192627,0.0006534097483381629,632,282.4905090332031,0
0.9471129775047302,0.0007738983258605003,551,237.92739868164062,0
1.0341651439666748,0.0007387203513644636,608,259.7960510253906,0
1.0149356126785278,0.0015299341175705194,577,254.96533203125,0
1.124942660331726,0.001633872976526618,666,282.6005859375,61
0.8639347553253174,0.015083786100149155,470,217.03192138671875,91
0.8130193948745728,0.0008276691660284996,489,204.24130249023438,0
1.2538583278656006,0.0007541619124822319,710,314.98590087890625,0
0.7828927040100098,0.0007233860669657588,468,196.67308044433594,0
1.2630711793899536,0.0008271749247796834,706,317.30029296875,0
0.9546178579330444,0.0010066290851682425,582,239.81271362304688,0
1.02202570438385,0.0006382951396517456,564,256.7464599609375,0
0.8192337155342102,0.0006866732146590948,496,205.8024139404297,0
0.8914663195610046,0.0006936807185411453,502,223.94821166992188,0
1.3162298202514648,0.0006916342535987496,764,330.6544494628906,0
1.139132022857666,0.0009174157748930156,654,286.1651306152344,0
0.9349287152290344,0.0007000771001912653,562,234.86654663085938,0
0.6875730752944946,0.0008996480610221624,389,172.72750854492188,0
1.2854448556900024,0.0013027428649365902,733,322.9208679199219,0
1.0673425197601318,0.0018869623309001327,620,268.1306457519531,0
1.0070629119873047,0.0016881104093044996,566,252.9876251220703,137
0.8639581203460693,0.0011840250808745623,503,217.03778076171875,15
1.1642177104949951,0.0006033445242792368,666,292.46697998046875,0
0.553277850151062,0.0007451297133229673,325,138.9907684326172,0
1.293384075164795,0.0007741177687421441,744,324.9153137207031,0
1.1496998071670532,0.0008404551190324128,683,288.8199157714844,0
0.9263949394226074,0.0006736187497153878,523,232.72274780273438,0
1.2564599514007568,0.0009328463929705322,735,315.63946533203125,0
0.8774292469024658,0.0008409886504523456,493,220.42190551757812,0
0.9103995561599731,0.0007281145080924034,555,228.70449829101562,0
0.9560641050338745,0.0007116712513379753,551,240.17604064941406,0
0.9528022408485413,0.001081713242456317,544,239.3566131591797,0
1.0871388912200928,0.0007838209858164191,636,273.103759765625,0
0.9285493493080139,0.0008649951196275651,519,233.2639617919922,0
0.8810648322105408,0.0016068806871771812,528,221.33522033691406,0
1.0249912738800049,0.0018104822374880314,586,257.491455078125,26
1.3790345191955566,0.0031847404316067696,792,346.43182373046875,126
0.7316020727157593,0.0010726905893534422,406,183.78817749023438,0
1.1366455554962158,0.0007274455274455249,679,285.5404968261719,0
0.970842182636261,0.0008938994724303484,547,243.88848876953125,0
0.9536691904067993,0.0009263271931558847,578,239.57440185546875,0
0.8481879830360413,0.0007357589202001691,473,213.07611083984375,0
1.1466660499572754,0.000596903613768518,675,288.0577697753906,0
0.991230309009552,0.0009549701935611665,585,249.01025390625,0
0.7661411166191101,0.0006963690393604338,441,192.46485900878906,0
1.1238969564437866,0.0007439267355948687,660,282.337890625,0
1.0298445224761963,0.0007157882791943848,591,258.7106628417969,0
0.9294272661209106,0.0008640038431622088,549,233.48451232910156,0
0.940492570400238,0.0006833828520029783,526,236.26425170898438,0
0.9298354983329773,0.000849550124257803,557,233.58706665039062,0
1.1909785270690918,0.0006347195012494922,659,299.1896667480469,0
0.867634117603302,0.0008027239236980677,516,217.96124267578125,152
0.7546769380569458,0.0009097034344449639,424,189.58489990234375,0
1.0752813816070557,0.0011594687821343541,608,270.125,0
1.125712513923645,0.0006762515404261649,665,282.7939758300781,0
1.0073999166488647,0.0007961612427607179,595,253.072265625,0
0.7943259477615356,0.0005928274476900697,464,199.54525756835938,0
0.8185822367668152,0.0010661982232704759,454,205.63876342773438,0
1.307504415512085,0.00073409010656178,787,328.4625244140625,0
0.8134908080101013,0.000801985093858093,442,204.35972595214844,0
1.2303494215011597,0.0007331360247917473,736,309.0801696777344,0
0.7980415225028992,0.0008177560521289706,445,200.47865295410156,0
0.9309106469154358,0.0006478389841504395,553,233.85714721679688,0
1.1379289627075195,0.0009103866759687662,642,285.8629150390625,0
1.1028292179107666,0.0007606277358718216,661,277.0453796386719,0
0.6416043639183044,0.0008667840738780797,362,161.1795654296875,0
0.9711533784866333,0.0007815110730007291,540,243.96665954589844,13
1.2740652561187744,0.0054813469760119915,740,320.0621643066406,139
1.1646729707717896,0.000791012542322278,676,292.58135986328125,0
1.0223017930984497,0.000852260971441865,581,256.8158264160156,0
0.8226045966148376,0.0007185383583419025,459,206.64923095703125,0
0.7640413641929626,0.0007833016570657492,479,191.93736267089844,0
0.9731562733650208,0.0006274042534641922,530,244.46981811523438,0
1.088523507118225,0.0008225879864767194,651,273.45159912109375,0
0.8004842400550842,0.0006685854750685394,455,201.09230041503906,0
0.8928165435791016,0.0007132055470719934,508,224.2873992919922,0
1.1538639068603516,0.000948627304751426,679,289.865966796875,0
0.9674749374389648,0.0008395255426876247,540,243.04258728027344,0
1.0665278434753418,0.0006133015849627554,635,267.9259948730469,0
1.1922370195388794,0.0008736446616239846,686,299.5058288574219,0
0.9815890192985535,0.0008649139199405909,578,246.58824157714844,0
1.2136942148208618,0.0008048092713579535,703,304.8961486816406,0
0.8749067783355713,0.00198608310893178,510,219.78823852539062,46
1.1243388652801514,0.0068406760692596436,626,282.4488830566406,106
0.5902202129364014,0.0008212571847252548,354,148.27117919921875,0
1.26311457157135,0.0008431212627328932,707,317.3111877441406,0
0.907465398311615,0.0008144520106725395,552,227.96739196777344,0
0.8020981550216675,0.0009983538184314966,442,201.49774169921875,0
1.2431244850158691,0.0006107900408096611,729,312.2894287109375,0
1.130774974822998,0.0008704717620275915,639,284.06573486328125,0
0.915803074836731,0.0007897663745097816,549,230.0619354248047,0
1.1298539638519287,0.0008906505536288023,646,283.8343505859375,0
0.9302488565444946,0.0005630209343507886,550,233.69090270996094,0
1.0115094184875488,0.0008211873937398195,583,254.10462951660156,0
0.921955406665802,0.0006919915904290974,535,231.60748291015625,0
0.6759037375450134,0.0011035179486498237,402,169.7960205078125,0
1.2671326398849487,0.00097667018417269,733,318.3205871582031,0
1.055984616279602,0.002231012098491192,602,265.27740478515625,0
1.0514194965362549,0.0011218305444344878,582,264.1305847167969,126
0.8995909690856934,0.009856068529188633,557,225.98922729492188,26
1.2580453157424927,0.0008001963724382222,689,316.0377502441406,0
0.7822369337081909,0.0007297898991964757,480,196.50833129882812,0
1.0355637073516846,0.0007696921820752323,597,260.14739990234375,0
0.9821292757987976,0.0009336400544270873,576,246.7239532470703,0
0.9339789748191833,0.0006431565270759165,508,234.62796020507812,0
1.0629814863204956,0.0007954793982207775,627,267.03509521484375,0
1.148498296737671,0.000667838379740715,664,288.51806640625,0
0.7571254372596741,0.0007895497838035226,440,190.1999969482422,0
1.004949927330017,0.0006111176335252821,602,252.45681762695312,0
0.9465113878250122,0.0009393324144184589,514,237.77626037597656,0
1.280493974685669,0.0007678125984966755,762,321.6771545410156,0
1.0282986164093018,0.0008291692938655615,574,258.3222961425781,0
0.8291893005371094,0.0013704471057280898,501,208.3033905029297,0
0.8209152221679688,0.0007781285676173866,467,206.22483825683594,1
1.0519319772720337,0.0013107318663969636,590,264.2593078613281,151
1.4307856559753418,0.0009584923973307014,821,359.4324035644531,0
0.7153343558311462,0.0007015682640485466,459,179.70152282714844,0
0.9999600648880005,0.0008816663175821304,546,251.2032928466797,0
1.0417972803115845,0.0005532998475246131,614,261.7133483886719,0
1.0364038944244385,0.000897935766261071,597,260.35845947265625,0
0.9924931526184082,0.0008126343018375337,571,249.32749938964844,0
0.8591382503509521,0.0006458947900682688,497,215.82696533203125,0
1.017788290977478,0.0008772600558586419,566,255.68197631835938,0
0.9909311532974243,0.0007996667409315705,601,248.9351043701172,0
1.0982348918914795,0.0008088712929747999,616,275.8912353515625,0
0.9538854360580444,0.0007354530389420688,571,239.62872314453125,0
1.0124220848083496,0.0006836821557953954,566,254.33392333984375,0
1.15604829788208,0.0006675784243270755,692,290.41473388671875,0
0.9434290528297424,0.0007635789806954563,517,237.00193786621094,0
0.7814977765083313,0.0006836552638560534,468,196.32264709472656,141
1.1323039531707764,0.007660756353288889,638,284.4498291015625,11
1.0171473026275635,0.0007954832981340587,597,255.52093505859375,0
1.0445374250411987,0.0007058125338517129,590,262.4017028808594,0
1.1444134712219238,0.000917518453206867,679,287.4919128417969,0
0.9020066261291504,0.0009417160763405263,510,226.59608459472656,0
0.8587759733200073,0.0006824168376624584,481,215.7359619140625,0
1.0490394830703735,0.0006197806796990335,627,263.5326843261719,0
1.0290770530700684,0.0008044646237976849,560,258.5178527832031,0
1.1536232233047485,0.000634732365142554,689,289.8055114746094,0
0.9113295674324036,0.0009355797665193677,501,228.93812561035156,0
1.190130591392517,0.0006670159636996686,728,298.9766540527344,0
1.124473214149475,0.0007925149402581155,634,282.4826354980469,0
0.6148409843444824,0.0009613485890440643,377,154.45623779296875,0
0.9653369188308716,0.001338668167591095,546,242.5054931640625,0
1.3330529928207397,0.0015985585050657392,771,334.88067626953125,1
1.1138767004013062,0.000909139693249017,630,279.8206481933594,151
0.8554808497428894,0.000890168477781117,501,214.90818786621094,0
0.847741961479187,0.000810334924608469,501,212.9640655517578,0
0.9697380661964417,0.0005925036384724081,540,243.61111450195312,0
0.9703148603439331,0.0009290197631344199,582,243.75601196289062,0
0.8804386854171753,0.00092877954011783,489,221.17791748046875,0
1.2385863065719604,0.0007515719626098871,723,311.1493835449219,0
0.9446061253547668,0.0007791440584696829,551,237.29763793945312,0
1.1195275783538818,0.000914882286451757,666,281.240234375,0
0.7244542241096497,0.0005879447562620044,403,181.9925537109375,0
1.0827018022537231,0.0008103600121103227,642,271.9891052246094,0
0.9856557250022888,0.000528430100530386,569,247.60984802246094,0
1.039285659790039,0.000794637599028647,619,261.0823974609375,0
1.0858190059661865,0.001111005898565054,597,272.7721862792969,0
0.8726536631584167,0.0018845581216737628,513,219.22222900390625,0
1.0363106727600098,0.000888156529981643,585,260.3350524902344,100
1.1666009426116943,0.000885786721482873,685,293.0657043457031,52
0.7850873470306396,0.0008648140355944633,459,197.22439575195312,0
1.1986671686172485,0.000689968466758728,685,301.12115478515625,0
1.106127142906189,0.0006817233515903354,658,277.8738708496094,0
0.7202667593955994,0.0009219205239787698,404,180.9405975341797,0
0.9774675369262695,0.0006235285545699298,577,245.5528564453125,0
0.7815076112747192,0.0007347993087023497,446,196.3251190185547,0
1.4071258306503296,0.0007241622661240399,843,353.4887390136719,0
0.8817655444145203,0.0008901124238036573,489,221.51124572753906,0
0.8143823146820068,0.0006568297394551337,490,204.58367919921875,0
1.088270902633667,0.0006903586909174919,608,273.3881530761719,0
0.9761452674865723,0.0008707329980097711,580,245.22068786621094,0
1.3210135698318481,0.000974575465079397,758,331.856201171875,0
0.5277166366577148,0.001440296764485538,288,132.56944274902344,0
1.141233205795288,0.0013179245870560408,671,286.6929931640625,0
0.7324857711791992,0.0014028501464053988,393,184.0101776123047,150
1.2196024656295776,0.0008582203881815076,744,306.38037109375,2
1.1702306270599365,0.0007927535334601998,667,293.9775085449219,0
1.0071780681610107,0.0007393693085759878,604,253.0165557861328,0
0.8360306620597839,0.0006553048733621836,454,210.02203369140625,0
0.8342694044113159,0.0007697265245951712,490,209.57958984375,0
1.4346284866333008,0.000793060171417892,822,360.3977966308594,0
0.5408554077148438,0.0007852502749301493,331,135.87008666992188,0
1.1967674493789673,0.0006530542159453034,674,300.6439208984375,0
0.9897763729095459,0.0007405499927699566,600,248.64500427246094,0
0.8544270396232605,0.0007253868971019983,488,214.64344787597656,0
1.0433026552200317,0.0006662407540716231,590,262.0915222167969,0
0.830624520778656,0.0007029765984043479,488,208.6639404296875,0
1.178458333015442,0.0008289997349493206,675,296.04443359375,0
1.080889105796814,0.0011919999960809946,637,271.53375244140625,0
1.149413824081421,0.002003421075642109,639,288.748046875,34
0.8546968698501587,0.0012617383617907763,516,214.71124267578125,118
1.117923617362976,0.0010018880711868405,627,280.8373107910156,0
0.8330927491188049,0.0006298876833170652,500,209.28399658203125,0
1.1732420921325684,0.0007314459653571248,658,294.7340393066406,0
0.7743300795555115,0.0006043754401616752,454,194.52203369140625,0
1.1368186473846436,0.0009142847848124802,649,285.583984375,0
1.14644193649292,0.0006555720465257764,674,288.0014953613281,0
0.9924950003623962,0.0010026271920651197,558,249.3279571533203,0
0.9704429507255554,0.0006863108719699085,576,243.78819274902344,0
1.0226207971572876,0.0007193357450887561,596,256.8959655761719,0
0.9574729204177856,0.0005937814712524414,551,240.5299530029297,0
1.170939326286316,0.0007357384893111885,675,294.1555480957031,0
0.6999526619911194,0.000667383021209389,406,175.83743286132812,0
1.1359357833862305,0.0006814180524088442,682,285.3621826171875,0
1.1873743534088135,0.0018350867321714759,679,298.28424072265625,0
0.6756412386894226,0.000722769123967737,389,169.73007202148438,139
1.3099589347839355,0.0053533934988081455,733,329.0791320800781,13
0.8166239857673645,0.000808054581284523,504,205.14682006835938,0
1.1207950115203857,0.0006889102514833212,614,281.5586242675781,0
0.771148145198822,0.0007239184924401343,476,193.72268676757812,0
1.0875463485717773,0.000621669227257371,621,273.20611572265625,0
0.8728200197219849,0.0008068576571531594,500,219.26400756835938,0
0.9000100493431091,0.0007397139561362565,529,226.09451293945312,0
0.9514501690864563,0.0008769020205363631,531,239.01695251464844,0
1.4738538265228271,0.0006627267575822771,882,370.251708984375,0
0.7414750456809998,0.0008714621071703732,421,186.26840209960938,0
1.3360397815704346,0.0006150020053610206,775,335.6309814453125,0
0.5969948172569275,0.0009350102045573294,334,149.97305297851562,0
0.9739035367965698,0.0005747305112890899,584,244.65753173828125,0
1.1334483623504639,0.0008969712071120739,632,284.7373352050781,0
1.0656131505966187,0.0008094296790659428,609,267.69622802734375,12
1.1604104042053223,0.0007767262868583202,662,291.51055908203125,140
0.9447600245475769,0.0006590460543520749,562,237.3363037109375,0
0.9933931827545166,0.000745537574402988,569,249.55360412597656,0
1.1598131656646729,0.000749970437027514,699,291.3605041503906,0
0.6861295104026794,0.0008729553665034473,370,172.3648681640625,0
1.105453610420227,0.000700749340467155,640,277.7046813964844,0
1.0893795490264893,0.0007334264810197055,636,273.6666564941406,0
1.0144238471984863,0.0006775575457140803,582,254.83677673339844,0
0.9164626002311707,0.0007202783599495888,536,230.2276153564453,0
0.9013398289680481,0.0006343877175822854,504,226.42857360839844,0
1.3181573152542114,0.0008445978746749461,786,331.138671875,0
0.7769065499305725,0.0006650505820289254,449,195.1692657470703,0
0.9650545120239258,0.0006877299747429788,550,242.43453979492188,0
1.1838245391845703,0.0012029147474095225,693,297.3924865722656,0
0.9239462614059448,0.001490401104092598,539,232.10760498046875,0
1.0459609031677246,0.0011320719495415688,590,262.7593078613281,131
0.744257390499115,0.015513147227466106,429,186.9673614501953,21
1.1017513275146484,0.0007094793836586177,630,276.77459716796875,0
0.9573643803596497,0.0006686892011202872,559,240.502685546875,0
1.0470448732376099,0.0007053998415358365,601,263.0316162109375,0
1.2891100645065308,0.0007842549821361899,745,323.84161376953125,0
0.8783549666404724,0.0006871602963656187,492,220.6544647216797,0
0.8223429918289185,0.0008531103958375752,485,206.58351135253906,0
1.038676142692566,0.0006905935006216168,608,260.9292907714844,0
1.0017952919006348,0.000759400543756783,569,251.66432189941406,0
1.0066266059875488,0.0005368298152461648,582,252.8780059814453,0
1.0225834846496582,0.0007304201717488468,582,256.8865966796875,0
1.2872858047485352,0.0008150554494932294,780,323.3833312988281,0
0.6263370513916016,0.0008219455485232174,337,157.34420776367188,0
1.3406275510787964,0.0011811965378001332,776,336.78350830078125,0
0.8572267293930054,0.0020042131654918194,496,215.34677124023438,11
1.292206048965454,0.00814757589250803,754,324.6193542480469,141
0.5149655342102051,0.0009522871696390212,284,129.36619567871094,0
1.0797197818756104,0.0006004534661769867,625,271.239990234375,0
1.0841518640518188,0.0008086289162747562,631,272.3533935546875,0
1.155301570892334,0.000693176407366991,678,290.2271423339844,0
0.7137241959571838,0.0007604424026794732,404,179.29702758789062,0
1.2459588050842285,0.0006214413442648947,704,313.0014343261719,0
0.6824895739555359,0.0007365531637333333,424,171.45046997070312,0
1.0335992574691772,0.0006816224777139723,575,259.6539001464844,0
1.1616904735565186,0.000768981350120157,697,291.8321228027344,0
0.9863614439964294,0.0006765270954929292,559,247.78712463378906,0
1.0148292779922485,0.0007247408502735198,603,254.9386444091797,0
0.9630832076072693,0.0007889598491601646,544,241.9393310546875,0
1.0121638774871826,0.0007079078932292759,591,254.26904296875,0
0.8570067286491394,0.0024174985010176897,494,215.29150390625,0
0.9615066647529602,0.0006865551695227623,543,241.54327392578125,146
1.1858735084533691,0.0010384708875790238,679,297.9072265625,5
0.652924656867981,0.0006284799892455339,385,164.02337646484375,0
1.3244000673294067,0.0006505310884676874,778,332.7069396972656,0
1.1206364631652832,0.0007729515782557428,638,281.518798828125,0
0.8633825778961182,0.0007096454501152039,515,216.89320373535156,0
1.1830980777740479,0.0007539130747318268,681,297.2099914550781,0
0.9375661015510559,0.0007023470243439078,550,235.5290985107422,0
0.7733117341995239,0.0006840134155936539,432,194.26620483398438,0
1.291396141052246,0.0008769138948991895,779,324.4159240722656,0
1.0329629182815552,0.0006389188929460943,587,259.4940490722656,0
1.1230686902999878,0.0006892771343700588,647,282.12982177734375,0
0.7020445466041565,0.0008328350959345698,394,176.36294555664062,0
0.8459512591362,0.0007243380532599986,492,212.51422119140625,0
1.0694546699523926,0.0006951717077754438,617,268.6612548828125,0
0.9417444467544556,0.0016063068760558963,546,236.57875061035156,10
1.2168309688568115,0.0009235651232302189,706,305.68414306640625,141
0.8076103329658508,0.0010931408032774925,451,202.88247680664062,0
0.9177034497261047,0.0007247586618177593,534,230.53932189941406,0
1.0635707378387451,0.0006741650868207216,628,267.1831359863281,0
1.0220282077789307,0.0007616527727805078,601,256.7471008300781,0
0.9715129733085632,0.0006025773473083973,544,244.05699157714844,0
1.2502496242523193,0.0008083517896011472,731,314.079345703125,0
1.013889193534851,0.0007156891515478492,568,254.7024688720703,0
1.320369005203247,0.000829816039185971,785,331.69427490234375,0
0.5345102548599243,0.0009822974679991603,297,134.27609252929688,0
1.2934684753417969,0.0009086366626434028,756,324.9364929199219,0
1.1124279499053955,0.0007461548666469753,624,279.45672607421875,0
0.6351088881492615,0.0008305498631671071,387,159.5478057861328,0
1.134854793548584,0.00099276436958462,651,285.09063720703125,0
1.2057160139083862,0.0007625112193636596,703,302.89190673828125,0
0.9375865459442139,0.0015218100743368268,526,235.5342254638672,103
0.9631805419921875,0.009871460497379303,552,241.96377563476562,48
0.8001503348350525,0.0005748944822698832,475,201.0084228515625,0
1.1891106367111206,0.0007409946410916746,651,298.7204284667969,0
1.0501199960708618,0.0007576998905278742,628,263.80413818359375,0
0.968435525894165,0.0006753570050932467,553,243.28390502929688,0
1.18122398853302,0.0006990634137764573,694,296.73919677734375,0
0.6534579396247864,0.0006203931989148259,375,164.15733337402344,0
1.1195489168167114,0.0006076998542994261,627,281.24560546875,0
0.8552978038787842,0.0006869059870950878,508,214.86219787597656,0
1.3420406579971313,0.0006719760131090879,787,337.13848876953125,0
1.2182294130325317,0.0011011422611773014,705,306.03546142578125,0
0.7641646862030029,0.0008203716715797782,474,191.96835327148438,0
0.8756903409957886,0.0007819138700142503,469,219.98507690429688,0
1.0092453956604004,0.0010305303148925304,599,253.535888671875,0
0.9784871339797974,0.002539431443437934,555,245.8090057373047,6
1.1136822700500488,0.0010230188490822911,653,279.7718200683594,145
0.9713859558105469,0.0008689718088135123,558,244.02508544921875,0
1.17336106300354,0.000755834043957293,682,294.763916015625,0
1.040353775024414,0.0007750632357783616,613,261.3507385253906,0
0.6361997127532959,0.0007655373774468899,348,159.82183837890625,0
1.2832818031311035,0.0007573541370220482,763,322.3774719238281,0
0.8198586106300354,0.0009183913352899253,468,205.9593963623047,0
0.9325786232948303,0.0007129348232410848,554,234.2761688232422,0
1.0326638221740723,0.0007100274669937789,592,259.4189147949219,0
1.1949024200439453,0.0007244340376928449,667,300.1754150390625,0
1.1784359216690063,0.0006929636001586914,696,296.0387878417969,0
0.7157520651817322,0.0007239400874823332,434,179.80645751953125,0
0.8680312633514404,0.0005317574250511825,508,218.06101989746094,0
1.1052851676940918,0.0007659010589122772,619,277.662353515625,0
0.9000210762023926,0.0007385009666904807,514,226.09727478027344,0
1.0564818382263184,0.0006823108997195959,609,265.4023132324219,147
0.9231985211372375,0.0009294748888351023,536,231.91976928710938,4
1.2040784358978271,0.0007848040550015867,693,302.48052978515625,0
0.8698180913925171,0.0007057696348056197,506,218.5098876953125,0
1.1220868825912476,0.0008052513003349304,642,281.8831787109375,0
0.9485321044921875,0.0005845697596669197,546,238.2838897705078,0
0.9531344771385193,0.000743930519092828,559,239.44007873535156,0
1.0423016548156738,0.0005163972382433712,594,261.8400573730469,0
0.723451554775238,0.000819841749034822,428,181.74066162109375,0
1.2384535074234009,0.0006397822289727628,724,311.11602783203125,0
1.3401917219161987,0.0008182250894606113,773,336.67401123046875,0
0.5002857446670532,0.0008033327758312225,283,125.6784439086914,0
0.9905341863632202,0.0005945981829427183,571,248.8353729248047,0
1.2752586603164673,0.0009550752001814544,768,320.3619689941406,0
1.1491304636001587,0.0005945017910562456,653,288.6768798828125,0
0.7326056361198425,0.0024790868628770113,397,184.04029846191406,29
1.0489455461502075,0.010651104152202606,605,263.50909423828125,122
1.208083987236023,0.0008935026708059013,719,303.4867858886719,0
1.1351432800292969,0.0006873738602735102,656,285.1631164550781,0
0.7542068958282471,0.0007078644121065736,437,189.46681213378906,0
1.074000597000122,0.0006695736083202064,615,269.8032531738281,0
1.010369062423706,0.0007296854164451361,583,253.81817626953125,0
0.7943541407585144,0.0007338184514082968,449,199.55233764648438,0
1.028945803642273,0.00055603840155527,596,258.4848937988281,0
1.4050772190093994,0.0007695091771893203,811,352.97412109375,0
0.7835032939910889,0.0007072236039675772,461,196.8264617919922,0
1.1305670738220215,0.0007973476895131171,665,284.0135192871094,0
0.9450287818908691,0.0006417823024094105,525,237.40380859375,0
1.2746673822402954,0.000742782314773649,745,320.2134094238281,0
0.9454189538955688,0.001298478222452104,546,237.5018310546875,0
0.9257956147193909,0.0013238226529210806,561,232.5721893310547,0
0.9303070902824402,0.0015762039693072438,506,233.70553588867188,150
1.0292922258377075,0.0009737332002259791,577,258.5719299316406,1
0.6960131525993347,0.0005753617151640356,427,174.8477783203125,0
1.2317750453948975,0.0007445752853527665,721,309.43829345703125,0
1.1133652925491333,0.0006290430901572108,640,279.69219970703125,0
0.9552974104881287,0.0007925127865746617,543,239.98342895507812,0
0.9527168273925781,0.0006459440337494016,549,239.3351593017578,0
0.964775562286377,0.0006953463307581842,546,242.36447143554688,0
1.0890580415725708,0.0005737130995839834,652,273.58587646484375,0
0.8848563432693481,0.0006949176313355565,504,222.28770446777344,0
0.8264697790145874,0.0005883481935597956,495,207.62020874023438,0
1.3031556606292725,0.0007066305261105299,735,327.37005615234375,0
1.0516688823699951,0.0006726287538185716,621,264.1932373046875,0
0.9433991312980652,0.0007026134408079088,539,236.9944305419922,0
0.9657428860664368,0.0023050010204315186,563,242.6074676513672,0
0.9560195803642273,0.000995379057712853,552,240.16485595703125,34
1.0843449831008911,0.00804714486002922,632,272.4018859863281,117
0.7822588086128235,0.0009257172350771725,434,196.51382446289062,0
0.8945335745811462,0.0006601459463126957,512,224.71875,0
1.1309764385223389,0.0007479723426513374,679,284.1163330078125,0
1.278770089149475,0.0007125929114408791,717,321.24407958984375,0
0.951132595539093,0.0008796158363111317,573,238.9371795654297,0
0.842776894569397,0.00064288848079741,459,211.71678161621094,0
1.1593431234359741,0.0006730508175678551,693,291.242431640625,0
0.9263166189193726,0.0007000397308729589,522,232.70306396484375,0
1.0594842433929443,0.0007329227519221604,626,266.15655517578125,0
0.9317280650138855,0.0006224493263289332,544,234.0625,0
0.9760026335716248,0.000675399205647409,568,245.1848602294922,0
1.0052728652954102,0.0007358224247582257,567,252.5379180908203,0
0.8271573781967163,0.0006420655408874154,483,207.79295349121094,0
1.0328377485275269,0.0007655091467313468,588,259.46258544921875,1
1.1374996900558472,0.0006514564738608897,641,285.75506591796875,149
0.9110600352287292,0.0011509337928146124,517,228.8704071044922,1
0.9336193203926086,0.0006846105097793043,545,234.53761291503906,0
1.2725086212158203,0.0006687893765047193,748,319.6711120605469,0
0.9338706731796265,0.0006375053781084716,536,234.6007537841797,0
0.9580171704292297,0.0007034990121610463,582,240.6666717529297,0
0.9535701274871826,0.0007529592840000987,515,239.5495147705078,0
1.222677230834961,0.0005878906231373549,733,307.1528015136719,0
1.0555380582809448,0.0008266736986115575,581,265.16522216796875,0
0.9096546769142151,0.0006386043387465179,547,228.51736450195312,0
1.177415370941162,0.0007571323658339679,671,295.78240966796875,0
0.9999293684959412,0.0006223310483619571,588,251.19557189941406,0
1.1873258352279663,0.0007268482004292309,680,298.2720642089844,0
0.7721400260925293,0.0007889644475653768,462,193.97186279296875,0
0.9440423846244812,0.0014386627590283751,532,237.15602111816406,0
1.1129496097564697,0.0017570569179952145,638,279.5877685546875,50
0.9776495695114136,0.0007539147045463324,568,245.5985870361328,101
1.0388203859329224,0.0009037362178787589,609,260.96551513671875,0
0.9461534023284912,0.0005937951500527561,542,237.68634033203125,0
0.8626996874809265,0.0005392968887463212,485,216.72164916992188,0
1.0045565366744995,0.000685437407810241,595,252.3579864501953,0
1.3369622230529785,0.0006116590811870992,772,335.8627014160156,0
0.551766574382782,0.0007031013956293464,324,138.61111450195312,0
1.0654562711715698,0.0005864329868927598,609,267.65679931640625,0
0.9886121153831482,0.0006705572013743222,573,248.35252380371094,0
1.247645378112793,0.0007729365606792271,708,313.4251403808594,0
0.859934389591217,0.0006632415461353958,519,216.0269775390625,0
1.0845682621002197,0.0006126930238679051,607,272.4579772949219,0
1.2605990171432495,0.0007675911183468997,742,316.67926025390625,0
0.9707735776901245,0.0012152253184467554,567,243.87124633789062,0
0.8967816233634949,0.002253359416499734,515,225.2834930419922,0
0.8826830983161926,0.0009793784702196717,515,221.7417449951172,151
1.214522123336792,0.0009515196434222162,701,305.1041259765625,0
0.9901368021965027,0.0006481197196990252,571,248.7355499267578,0
0.8932787179946899,0.0007147050346247852,513,224.40350341796875,0
1.0050352811813354,0.0006233506137505174,575,252.47825622558594,0
0.7637335658073425,0.0007211758056655526,443,191.86004638671875,0
1.0472878217697144,0.000621829938609153,626,263.0926513671875,0
1.4737608432769775,0.0008074369980022311,832,370.2283630371094,0
0.9398942589759827,0.0007255250820890069,588,236.11395263671875,0
0.7805458903312683,0.0006684197578579187,419,196.08352661132812,0
1.0336500406265259,0.0006069354712963104,615,259.6666564941406,0
0.9877805709838867,0.0006675741751678288,550,248.1436309814453,0
1.0549492835998535,0.00065545120742172,636,265.0173034667969,0
0.7651671767234802,0.0006710931193083525,436,192.22018432617188,0
1.313952922821045,0.0007610234897583723,752,330.08245849609375,0
0.9565425515174866,0.0007597699877806008,557,240.29623413085938,125
0.8395547270774841,0.008302232250571251,464,210.90733337402344,26
1.179566502571106,0.0006671648006886244,697,296.32281494140625,0
1.0528117418289185,0.0013500843197107315,610,264.4803161621094,0
0.9791916608810425,0.0008773992885835469,571,245.98599243164062,0
0.8619292378425598,0.0005049172905273736,498,216.52810668945312,0
0.9701123833656311,0.000774243613705039,563,243.7051544189453,0
1.270495891571045,0.0006693635950796306,719,319.1654968261719,0
0.9459933638572693,0.0006595149752683938,568,237.64613342285156,0
1.0030615329742432,0.0007600749959237874,569,251.982421875,0
0.9183759093284607,0.000558677886147052,545,230.708251953125,0
1.1650454998016357,0.0007532206363976002,643,292.6749572753906,0
1.1632490158081055,0.0007164560374803841,702,292.2236328125,0
0.9626365900039673,0.0006463438621722162,538,241.82713317871094,0
0.577232837677002,0.0008370814030058682,350,145.00857543945312,0
1.274063229560852,0.0016939248889684677,730,320.0616455078125,1
0.881720781326294,0.0006214453023858368,500,221.5,150
1.2326476573944092,0.0009940345771610737,727,309.6575012207031,0
0.614749014377594,0.0007221420528367162,344,154.43313598632812,0
1.2631502151489258,0.0007566922577098012,734,317.3201599121094,0
1.0513081550598145,0.0007003810605965555,614,264.10260009765625,0
1.2328855991363525,0.0006426307954825461,718,309.71728515625,0
0.7784122228622437,0.0007626761216670275,442,195.54751586914062,0
1.1291905641555786,0.0005973177612759173,656,283.6676940917969,0
0.788129448890686,0.0008502760319970548,439,197.98861694335938,0
1.2645882368087769,0.0005842896644026041,747,317.681396484375,0
0.798229455947876,0.0007021046476438642,464,200.52586364746094,0
1.3003216981887817,0.0007176995859481394,781,326.65814208984375,0
1.0174881219863892,0.0006929343799129128,549,255.60655212402344,0
0.8801012635231018,0.0005964891170151532,526,221.09315490722656,0
0.9379016757011414,0.0007351373205892742,538,235.61338806152344,0
1.2999132871627808,0.0006016608094796538,756,326.5555419921875,150
0.5356403589248657,0.0010191993787884712,300,134.55999755859375,1
1.069218635559082,0.0006004038150422275,608,268.6019592285156,0
0.9800796508789062,0.0006115740397945046,574,246.2090606689453,0
0.959787905216217,0.0006081745959818363,547,241.11151123046875,0
0.9138274192810059,0.000721944379620254,541,229.56561279296875,0
1.08302903175354,0.0008709721732884645,617,272.0713195800781,0
0.9462394714355469,0.0005208307411521673,565,237.7079620361328,0
0.974246084690094,0.000735381618142128,546,244.74359130859375,0
1.080366849899292,0.0007097462075762451,636,271.40252685546875,0
0.9429218769073486,0.000809571472927928,526,236.87452697753906,0
0.9408861994743347,0.0006411846843548119,559,236.36314392089844,0
1.2072371244430542,0.0006169074913486838,686,303.2740478515625,0
0.8383920192718506,0.0006429599598050117,499,210.615234375,0
1.1348177194595337,0.0007525483379140496,664,285.0813293457031,0
0.9887683391571045,0.0007070765132084489,559,248.3917694091797,119
0.9820617437362671,0.0009541694889776409,587,246.7069854736328,32
0.9229656457901001,0.0007124351686798036,519,231.86126708984375,0
1.0230084657669067,0.0008705708314664662,601,256.99334716796875,0
0.6337739825248718,0.0007826613145880401,353,159.21246337890625,0
1.388644814491272,0.0007560350932180882,825,348.8460693359375,0
0.8796823620796204,0.0007128799334168434,497,220.98793029785156,0
0.9956710934638977,0.0006726766005158424,596,250.12583923339844,0
1.066709041595459,0.0006937889265827835,597,267.9715270996094,0
1.2489345073699951,0.0007966447155922651,741,313.7489929199219,0
0.827534556388855,0.0007714940002188087,463,207.8876953125,0
1.1244266033172607,0.0005973916850052774,654,282.470947265625,0
0.8952475786209106,0.0006632648291997612,530,224.8981170654297,0
1.0158478021621704,0.0006766293663531542,581,255.19448852539062,0
1.0724927186965942,0.0007480501662939787,629,269.4244689941406,0
1.0720629692077637,0.0007297695847228169,594,269.3164978027344,0
0.90616774559021,0.0006467695930041373,541,227.6414031982422,151
1.291304588317871,0.0013221069239079952,733,324.3929138183594,0
1.0072613954544067,0.0006552801351062953,587,253.0374755859375,0
1.0538325309753418,0.0013366936473175883,623,264.73675537109375,0
1.1020817756652832,0.0007220913539640605,639,276.85760498046875,0
0.8444478511810303,0.0007060541538521647,476,212.1365509033203,0
0.911068320274353,0.0006816151435486972,549,228.87249755859375,0
1.1926542520523071,0.0007510378491133451,678,299.6106262207031,0
0.6966478228569031,0.0009355559595860541,416,175.00721740722656,0
1.3343284130096436,0.0005746746901422739,751,335.2010803222656,0
1.1240843534469604,0.0008710495312698185,678,282.38494873046875,0
0.8488504886627197,0.000625849177595228,470,213.2425537109375,0
0.8167030215263367,0.0007996741333045065,468,205.1666717529297,0
1.2078588008880615,0.0006652636802755296,702,303.4302062988281,0
0.9939773082733154,0.0007819415768608451,594,249.70033264160156,0
1.0058114528656006,0.0006617724429816008,560,252.6732177734375,58
0.881986141204834,0.004837075714021921,510,221.56666564941406,93
1.0817192792892456,0.0009116540313698351,648,271.7422790527344,0
0.6861217617988586,0.0006872679805383086,383,172.36293029785156,0
1.170587420463562,0.0008251742110587656,700,294.067138671875,0
0.8392343521118164,0.0007352670072577894,462,210.82684326171875,0
1.132470965385437,0.0006877356208860874,669,284.4917907714844,0
1.2894868850708008,0.0008486542501486838,722,323.936279296875,0
0.9413967728614807,0.00070900097489357,582,236.4914093017578,0
0.6870739459991455,0.0007336922571994364,377,172.6021270751953,0
1.2524644136428833,0.0006421924917958677,722,314.6357421875,0
1.0161523818969727,0.0007678056135773659,583,255.27101135253906,0
0.8327518701553345,0.0007700264104641974,489,209.1983642578125,0
1.0293720960617065,0.000566811126191169,598,258.59197998046875,0
1.1472077369689941,0.0007600720273330808,650,288.19384765625,0
1.1934882402420044,0.0024149995297193527,695,299.82012939453125,29
0.8092204332351685,0.0008234223932959139,460,203.28695678710938,122
0.9058605432510376,0.000793068204075098,537,227.56423950195312,0
0.9441105723381042,0.0006936244899407029,514,237.17315673828125,0
1.0912550687789917,0.0006817554240114987,682,274.1378173828125,0
1.0404001474380493,0.0006536061991937459,574,261.36236572265625,0
0.9358615875244141,0.0006694755866192281,565,235.10089111328125,0
1.1671960353851318,0.0007541166851297021,646,293.2151794433594,0
0.9365437030792236,0.0007511060102842748,573,235.27224731445312,0
1.2509472370147705,0.0007121473317965865,703,314.2546081542969,0
0.44580620527267456,0.0011451798491179943,265,111.9924545288086,0
1.328644037246704,0.0008895047940313816,780,333.7730712890625,0
0.9113024473190308,0.0005251924740150571,524,228.93130493164062,0
1.1273598670959473,0.0007040316122584045,664,283.20782470703125,0
1.0183671712875366,0.0006524887285195291,591,255.82740783691406,0
0.9389918446540833,0.001814731047488749,541,235.8872528076172,0
1.1220237016677856,0.0008004779811017215,633,281.8673095703125,151
1.0160852670669556,0.0011520454427227378,602,255.254150390625,0
0.8079548478126526,0.000694207614287734,452,202.96902465820312,0
1.1059246063232422,0.0011513654608279467,661,277.822998046875,0
0.8751929402351379,0.0008303592330776155,479,219.86012268066406,0
0.8612751960754395,0.0005615866975858808,536,216.36380004882812,0
1.236206293106079,0.0006684644613415003,709,310.5514831542969,0
0.9631646871566772,0.0006592591525986791,572,241.9597930908203,0
0.82669997215271,0.0008690723916515708,469,207.67803955078125,0
1.226033091545105,0.0006615397869609296,722,307.995849609375,0
0.9507588148117065,0.0007503789383918047,536,238.84327697753906,0
1.0357258319854736,0.0006662231171503663,606,260.1881103515625,0
0.927297055721283,0.0007217956008389592,553,232.94937133789062,0
1.0035910606384277,0.0006169372354634106,563,252.11544799804688,0
0.9966705441474915,0.002644867170602083,589,250.3769073486328,0
1.0927386283874512,0.0016907894751057029,619,274.510498046875,78
1.028187870979309,0.005949759390205145,601,258.29449462890625,73
1.0882071256637573,0.0011895509669557214,610,273.37213134765625,0
0.8393718600273132,0.0006628035334870219,505,210.86138916015625,0
1.1595224142074585,0.0012759106466546655,647,291.2874755859375,0
1.124764084815979,0.0008125994936563075,682,282.55572509765625,0
0.9087772965431213,0.000635114498436451,495,228.29696655273438,0
0.5899823307991028,0.001244766404852271,350,148.21142578125,0
1.292922019958496,0.0009022283484227955,762,324.7992248535156,0
0.9609391689300537,0.0010552379535511136,564,241.4007110595703,0
0.8804598450660706,0.0005760316271334887,513,221.18324279785156,0
1.245153546333313,0.0007049378473311663,722,312.7991638183594,0
1.0076425075531006,0.0007590308669023216,578,253.1332244873047,0
0.692440927028656,0.0011164335301145911,403,173.95037841796875,0
1.2208069562911987,0.0005886635044589639,716,306.6829528808594,0
0.764497697353363,0.0007730935467407107,423,192.052001953125,0
1.2535614967346191,0.0007923656958155334,722,314.9113464355469,151
0.9024291038513184,0.0008531413041055202,497,226.70220947265625,0
1.1052746772766113,0.0007894709706306458,673,277.65972900390625,0
1.1164262294769287,0.0008364073582924902,618,280.4611511230469,0
0.7637677788734436,0.0010576697532087564,472,191.86863708496094,0
1.3144423961639404,0.0007818038575351238,735,330.2054443359375,0
0.9989378452301025,0.0006865168106742203,598,250.9464874267578,0
0.8911868333816528,0.0007845701766200364,500,223.8780059814453,0
1.0155744552612305,0.0007299210992641747,612,255.12582397460938,0
1.085246205329895,0.0009458793210797012,608,272.6282958984375,0
0.6286879181861877,0.0007248593028634787,368,157.93478393554688,0
1.3144197463989258,0.0006938293809071183,771,330.1997375488281,0
0.998020350933075,0.0006654054159298539,581,250.71600341796875,0
0.7268741130828857,0.0009891403606161475,428,182.6004638671875,0
1.0907829999923706,0.0017581386491656303,624,274.01922607421875,0
1.3197638988494873,0.0007476481841877103,769,331.5422668457031,109
0.8345832824707031,0.011357086710631847,445,209.65843200683594,42
0.9024645090103149,0.0007352784741669893,540,226.7111053466797,0
1.0635499954223633,0.0007257969700731337,607,267.17791748046875,0
1.043684720993042,0.0005826173583045602,624,262.1875,0
0.8375184535980225,0.0006750026368536055,475,210.39578247070312,0
1.2419562339782715,0.0008053213823586702,737,311.9959411621094,0
0.6427369713783264,0.0007651782943867147,362,161.46408081054688,0
1.2357194423675537,0.0007386369979940355,734,310.4291687011719,0
0.8576691150665283,0.0006077811704017222,487,215.45790100097656,0
1.1901112794876099,0.0009177115862257779,674,298.9718017578125,0
0.9828613996505737,0.000930915935896337,597,246.90786743164062,0
0.8959655165672302,0.000762954936362803,497,225.07847595214844,0
1.0480761528015137,0.000621601939201355,633,263.2906799316406,0
1.1220582723617554,0.0008139014826156199,637,281.8759765625,0
0.8360810875892639,0.0011635086266323924,490,210.03469848632812,6
0.8600537776947021,0.0005793725722469389,474,216.0569610595703,145
1.2378636598587036,0.001064578420482576,746,310.96783447265625,0
1.0586193799972534,0.0009235339821316302,593,265.9393005371094,0
1.255264401435852,0.0012201817007735372,746,315.3391418457031,0
0.6522898077964783,0.0007715158862993121,360,163.8638916015625,0
1.1009513139724731,0.0006583608337678015,645,276.5736389160156,0
0.9444525837898254,0.0006973799900151789,552,237.25906372070312,0
0.9409920573234558,0.0007531080045737326,526,236.38973999023438,0
0.9961439371109009,0.0008508820901624858,605,250.24462890625,0
0.8435540795326233,0.000633013085462153,466,211.91201782226562,0
1.5038994550704956,0.0007806757930666208,893,377.799560546875,0
0.5697129964828491,0.0009152141283266246,318,143.11949157714844,0
1.016223669052124,0.0007385925273410976,623,255.28892517089844,0
1.1163532733917236,0.0006031562807038426,612,280.44281005859375,0
0.914219856262207,0.0009621731005609035,542,229.66419982910156,0
0.9827632308006287,0.0006386769819073379,548,246.88320922851562,145
0.5685281157493591,0.0010592390317469835,348,142.82183837890625,6
1.0724143981933594,0.001161631545983255,625,269.40478515625,0
1.2300472259521484,0.0007233121432363987,709,309.0042419433594,0
0.9706994295120239,0.001268712687306106,570,243.85263061523438,0
0.8729422092437744,0.0007727581541985273,492,219.29470825195312,0
1.2898861169815063,0.0007113798055797815,766,324.03656005859375,0
0.6657984852790833,0.0007683229050599039,369,167.2574462890625,0
1.481229305267334,0.0007421058253385127,861,372.1045227050781,0
0.7080636024475098,0.0008429628796875477,392,177.875,0
1.2149529457092285,0.0005799287464469671,744,305.2123718261719,0
0.7237015962600708,0.0006950939423404634,402,181.80348205566406,0
1.0665658712387085,0.0006537021254189312,636,267.935546875,0
1.1486284732818604,0.0007444591028615832,630,288.55078125,0
0.9246372580528259,0.0006695289048366249,569,232.28118896484375,0
0.9157676696777344,0.001467222231440246,509,230.05303955078125,22
1.3281017541885376,0.006661714520305395,782,333.6368408203125,129
0.6923033595085144,0.0012628021650016308,392,173.9158172607422,0
1.197770118713379,0.0007121115922927856,691,300.89581298828125,0
1.0036195516586304,0.0006875042454339564,571,252.12258911132812,0
1.176021695137024,0.0007662635180167854,687,295.43231201171875,0
0.6173133254051208,0.0008712675189599395,375,155.07733154296875,0
1.0502125024795532,0.0007446453091688454,585,263.8273620605469,0
1.1151442527770996,0.0006189948762767017,683,280.13909912109375,0
0.9364990592002869,0.0007284730672836304,521,235.2610321044922,0
0.9432065486907959,0.0007432918064296246,556,236.946044921875,0
0.9668349623680115,0.0006758275558240712,550,242.88182067871094,0
0.8546239733695984,0.0008513535722158849,508,214.6929168701172,0
1.1125812530517578,0.0005929332110099494,632,279.4952392578125,0
0.8381444811820984,0.0007782416651025414,490,210.5530548095703,0
1.2422292232513428,0.0022391180973500013,713,312.06451416015625,0
1.0126110315322876,0.0006646584952250123,569,254.38137817382812,138
0.965376615524292,0.000951557420194149,582,242.5154571533203,13
1.3911575078964233,0.0008563692099414766,815,349.477294921875,0
0.9075952172279358,0.0007936409092508256,525,228.0,0
0.850862443447113,0.0009375137742608786,492,213.7479705810547,0
1.2201637029647827,0.0008288841345347464,702,306.5213623046875,0
0.7403875589370728,0.0007684373413212597,417,185.99520874023438,0
1.06399667263031,0.000622220803052187,648,267.2901306152344,0
1.0858685970306396,0.0008119439007714391,613,272.78466796875,0
1.0985609292984009,0.0006718025542795658,670,275.97314453125,0
0.8075783252716064,0.0007827613153494895,438,202.8744354248047,0
1.27326500415802,0.0007104732794687152,756,319.8611145019531,0
0.7553295493125916,0.0010690940544009209,430,189.74884033203125,0
0.9749206304550171,0.0006787872989661992,575,244.9130401611328,0
1.1128023862838745,0.0015885806642472744,630,279.55078125,0
0.8397786021232605,0.0007474187877960503,494,210.96356201171875,14
1.313999891281128,0.0008465707651339471,732,330.0942687988281,137
1.0215857028961182,0.0012242250377312303,618,256.63592529296875,0
0.7260494232177734,0.0009098041336983442,417,182.39328002929688,0
1.3563907146453857,0.0012887312332168221,795,340.743408203125,0
0.6485183238983154,0.00063009571749717,383,162.91644287109375,0
1.1510682106018066,0.0007108146091923118,666,289.1636657714844,0
0.9391162991523743,0.0007979229558259249,540,235.91851806640625,0
0.9752381443977356,0.0006912520620971918,556,244.99281311035156,0
0.954935610294342,0.0010095403995364904,577,239.89254760742188,0
1.243811845779419,0.0006784669240005314,699,312.46209716796875,0
1.061785101890564,0.0007605538703501225,648,266.73455810546875,0
0.7878461480140686,0.0007036984898149967,424,197.91744995117188,0
0.7944439053535461,0.0007494966266676784,454,199.57489013671875,0
1.0440958738327026,0.0007282368605956435,619,262.2908020019531,0
0.9922003149986267,0.0008968014735728502,571,249.25393676757812,0
1.0654544830322266,0.0007564108818769455,614,267.6563415527344,150
1.1273155212402344,0.0007320003933273256,661,283.1966857910156,1
0.9791479706764221,0.0012117540463805199,560,245.97500610351562,0
1.052197813987732,0.0006789605831727386,601,264.32611083984375,0
0.8706900477409363,0.0012578783789649606,546,218.72894287109375,0
0.7562901973724365,0.0006790233310312033,407,189.99017333984375,0
0.8860499858856201,0.0006316676735877991,514,222.58755493164062,0
1.2179114818572998,0.0009031552472151816,698,305.9555969238281,0
1.0533207654953003,0.0006381247076205909,633,264.60821533203125,0
0.7970295548439026,0.0007728112395852804,450,200.2244415283203,0
1.0605313777923584,0.0011980722192674875,622,266.41961669921875,0
0.9268108010292053,0.000825597788207233,544,232.82720947265625,0
0.9192081689834595,0.0006582473870366812,508,230.91732788085938,0
1.4192687273025513,0.0007342176977545023,829,356.5392150878906,0
0.5317052006721497,0.000689751177560538,315,133.57142639160156,0
1.0854580402374268,0.0018534527625888586,628,272.6815185546875,106
0.9426190257072449,0.010756767354905605,516,236.79844665527344,45
1.30888831615448,0.0007806058274582028,785,328.8101806640625,0
0.899786651134491,0.0014241505414247513,495,226.03839111328125,0
0.9054272770881653,0.0010213195346295834,538,227.45538330078125,0
1.305748701095581,0.001014459179714322,746,328.0214538574219,0
0.850238561630249,0.0011425955453887582,526,213.59124755859375,0
0.715949535369873,0.0006234644679352641,396,179.85606384277344,0
1.1636658906936646,0.0006922228494659066,673,292.328369140625,0
1.1762703657150269,0.0006923029432073236,669,295.4947814941406,0
0.9389232993125916,0.0009897701675072312,554,235.8700408935547,0
0.9752038717269897,0.0005923707503825426,570,244.9842071533203,0
1.1333523988723755,0.0007156496867537498,666,284.7132263183594,0
0.9919039607048035,0.0006425253232009709,585,249.1794891357422,0
0.9311201572418213,0.001093967934139073,521,233.9097900390625,0
1.1943167448043823,0.0022307196632027626,708,300.02825927734375,0
0.5446076989173889,0.0008009605808183551,299,136.81271362304688,151
1.3042376041412354,0.0008332740399055183,779,327.641845703125,0
0.9795196652412415,0.0010497082257643342,541,246.06838989257812,0
1.009592056274414,0.0009227652917616069,610,253.62295532226562,0
0.33319541811943054,0.001678719650954008,192,83.703125,0
1.532981514930725,0.000725479912944138,892,385.1053771972656,0
1.0087937116622925,0.0008336935425177217,580,253.4224090576172,0
0.7066055536270142,0.0006997024174779654,401,177.50872802734375,0
1.1467276811599731,0.0007039997726678848,696,288.0732727050781,0
1.2930560111999512,0.0007453533471561968,748,324.8328857421875,0
0.5897325873374939,0.0007293394883163273,343,148.148681640625,0
1.12717866897583,0.0007352702086791396,647,283.16229248046875,0
0.8852086663246155,0.0009092555847018957,521,222.37620544433594,0
1.1611229181289673,0.000678388518281281,670,291.6895446777344,0
0.6778417825698853,0.0014331657439470291,403,170.2828826904297,0
1.3056795597076416,0.0021128577645868063,731,328.00408935546875,43
0.9557816386222839,0.002283854875713587,552,240.10507202148438,108
0.8979580998420715,0.0009304247214458883,525,225.57904052734375,0
1.1342320442199707,0.0008129288908094168,684,284.9342041015625,0
0.7701983451843262,0.0009257115889340639,440,193.4840850830078,0
0.8735209107398987,0.0009786610025912523,484,219.44007873535156,0
0.9905413389205933,0.0007588192820549011,608,248.83717346191406,0
1.3256292343139648,0.0009200273198075593,764,333.0157165527344,0
0.8661497235298157,0.0008398181525990367,498,217.58834838867188,0
0.8094168305397034,0.000659329176414758,452,203.33628845214844,0
1.287627935409546,0.0006269808509387076,782,323.46929931640625,0
1.007338523864746,0.0010890418197959661,563,253.0568389892578,0
1.1947555541992188,0.0007822292391210794,693,300.1385192871094,0
0.7853430509567261,0.0007267137407325208,440,197.28863525390625,0
1.1237735748291016,0.0006589616532437503,668,282.306884765625,0
0.9429806470870972,0.002205376513302326,542,236.88929748535156,0
0.8752281069755554,0.000927655550185591,496,219.86895751953125,151
0.9316332340240479,0.0009147542295977473,543,234.03868103027344,0
1.307002305984497,0.0011596966069191694,764,328.3363952636719,0
0.8391045331954956,0.0007764086476527154,486,210.7942352294922,0
0.9083287119865417,0.0009880246361717582,521,228.18426513671875,0
1.0419726371765137,0.0008115924429148436,606,261.7574157714844,0
1.1803301572799683,0.0007221663254313171,682,296.5146484375,0
0.9442274570465088,0.0008796953479759395,558,237.2025146484375,0
0.9632023572921753,0.0006956170545890927,553,241.96925354003906,0
0.7617117762565613,0.0007612495683133602,443,191.35214233398438,0
1.2225372791290283,0.00083473592530936,697,307.1176452636719,0
0.8577346801757812,0.0009469117503613234,527,215.47438049316406,0
0.9727942943572998,0.0006284048431552947,549,244.37887573242188,0
0.9356218576431274,0.0006810470949858427,541,235.04066467285156,0
0.9608420729637146,0.0008716626325622201,566,241.37632751464844,0
1.0585758686065674,0.0023758243769407272,600,265.9283447265625,3
1.037286400794983,0.0006033697281964123,605,260.5801696777344,149
0.720090389251709,0.0009856149554252625,405,180.89630126953125,0
1.0889523029327393,0.0011009009322151542,649,273.559326171875,0
1.0007697343826294,0.0007283532759174705,568,251.4066925048828,0
0.9599580764770508,0.0013960031792521477,564,241.1542510986328,0
1.1199043989181519,0.0007728689815849066,642,281.33489990234375,0
0.8403354287147522,0.0006619889754801989,493,211.10345458984375,0
1.4125843048095703,0.0008036073413677514,807,354.8599853515625,0
0.6622351408004761,0.0007817127625457942,403,166.36228942871094,0
1.2355608940124512,0.0009825578890740871,714,310.38934326171875,0
0.9266675114631653,0.0005050143809057772,546,232.7912139892578,0
0.7959976196289062,0.0007581432000733912,460,199.9652099609375,0
1.1028953790664673,0.0006472684908658266,645,277.06201171875,0
1.110986351966858,0.0008889507735148072,645,279.0945739746094,0
0.7439326643943787,0.002046417212113738,429,186.8857879638672,0
0.9953029155731201,0.0007093260064721107,570,250.03334045410156,146
1.2013089656829834,0.0008635463309474289,711,301.7848205566406,6
0.7828583121299744,0.0010447608074173331,447,196.6644287109375,0
1.049022912979126,0.00080963404616341,613,263.5285339355469,0
0.7024742364883423,0.0012720407685264945,395,176.47088623046875,0
1.3114045858383179,0.0008826811681501567,771,329.4422912597656,0
0.8706449270248413,0.0007984118419699371,517,218.7176055908203,0
1.1318665742874146,0.0007618895033374429,653,284.3399658203125,0
1.0637434720993042,0.0008799835341051221,618,267.2265319824219,0
0.9225620031356812,0.0009127178345806897,533,231.75985717773438,0
1.0894783735275269,0.0008551529026590288,645,273.69146728515625,0
0.8385210633277893,0.0008247171062976122,491,210.6476593017578,0
1.0128917694091797,0.0007307287305593491,582,254.45188903808594,0
1.1362332105636597,0.0006856261170469224,650,285.4369201660156,0
0.9188092947006226,0.0014272050466388464,525,230.817138671875,0
1.005785346031189,0.0006704639527015388,609,252.6666717529297,3
1.3153228759765625,0.0008856994681991637,743,330.4266357421875,149
0.707389235496521,0.0008671166142448783,411,177.70559692382812,0
0.7115861177444458,0.0006480442825704813,404,178.75990295410156,0
1.1347578763961792,0.0007588797598145902,679,285.0662841796875,0
1.222255825996399,0.0008381805964745581,703,307.04693603515625,0
0.8584155440330505,0.000736854737624526,502,215.64541625976562,0
0.9334695935249329,0.000734689412638545,540,234.5,0
0.7277913689613342,0.000849064439535141,408,182.8308868408203,0
1.0736726522445679,0.0006012191879563034,652,269.7208557128906,0
1.2133482694625854,0.0008268867968581617,692,304.8092346191406,0
1.1297801733016968,0.0007476444006897509,657,283.8158264160156,0
0.6108278036117554,0.0008512377389706671,337,153.4480743408203,0
1.3744226694107056,0.0008287749951705337,827,345.2732849121094,0
0.9329482316970825,0.000751849845983088,523,234.3690185546875,0
0.6716368794441223,0.0015685911057516932,406,168.72413635253906,0
0.9637792706489563,0.0008399219950661063,543,242.1141815185547,56
1.1824345588684082,0.012768615037202835,693,297.0433044433594,96
0.7685590386390686,0.0009503936744295061,429,193.072265625,0
1.2729344367980957,0.0006958825397305191,739,319.778076171875,0
0.8450230956077576,0.0006415124516934156,491,212.2810516357422,0
0.9803696870803833,0.0011795464670285583,564,246.28192138671875,0
1.0746748447418213,0.0008107852772809565,621,269.9726257324219,0
1.0851731300354004,0.0007950343424454331,623,272.6099548339844,0
1.1588512659072876,0.0007938770577311516,673,291.1188659667969,0
0.8233165740966797,0.0007242546998895705,477,206.82809448242188,0
0.8260354399681091,0.0006438291165977716,495,207.5111083984375,0
1.0448812246322632,0.000723520468454808,586,262.4880676269531,0
1.3146710395812988,0.0009425387834198773,776,330.26287841796875,0
0.8884292244911194,0.0009010451030917466,502,223.1852569580078,0
0.9276814460754395,0.0006262457463890314,566,233.04592895507812,0
0.789822518825531,0.003166490700095892,459,198.4139404296875,1
1.0931276082992554,0.0006426943582482636,633,274.60821533203125,149
1.091526985168457,0.0008981851860880852,621,274.20611572265625,2
1.0741130113601685,0.0012141232145950198,635,269.83148193359375,0
1.2333036661148071,0.0008608258794993162,709,309.8222961425781,0
0.7747684717178345,0.0012444278690963984,454,194.6321563720703,0
1.0104845762252808,0.0006958440644666553,602,253.84718322753906,0
0.9898252487182617,0.0007279181154444814,569,248.65728759765625,0
0.5785775780677795,0.0007049841224215925,332,145.3463897705078,0
1.4380762577056885,0.0007476243190467358,826,361.263916015625,0
0.9152778387069702,0.0012103442568331957,557,229.9299774169922,0
1.0157910585403442,0.0006832116050645709,577,255.18023681640625,0
0.6539847254753113,0.0008718037861399353,397,164.2896728515625,0
1.0553290843963623,0.0005909049650654197,612,265.11273193359375,0
1.0609564781188965,0.0010683727450668812,606,266.5263977050781,0
0.7892155051231384,0.00050125498091802,459,198.26144409179688,0
0.8531430959701538,0.0028733592480421066,483,214.32090759277344,61
1.3062934875488281,0.0014099136460572481,758,328.1583251953125,91
0.8396825790405273,0.0008779668714851141,479,210.939453125,0
1.2073637247085571,0.0011573415249586105,703,303.30584716796875,0
1.2606147527694702,0.0007962838280946016,745,316.6832275390625,0
0.6604963541030884,0.0015264396788552403,416,165.92547607421875,0
1.0415908098220825,0.0006717805517837405,576,261.6614685058594,0
0.8339406847953796,0.0007761079468764365,501,209.49700927734375,0
0.9259153008460999,0.000687651801854372,533,232.6022491455078,0
1.2630997896194458,0.000832577992696315,735,317.3074951171875,0
0.7725859880447388,0.0008604043978266418,441,194.08389282226562,0
1.0348851680755615,0.0007602616096846759,607,259.9769287109375,0
0.8338534832000732,0.0008963686414062977,482,209.47509765625,0
1.1888236999511719,0.0006966831861063838,691,298.6483459472656,0
0.8890387415885925,0.0007610376924276352,529,223.33837890625,0
1.1097086668014526,0.0022763365413993597,636,278.7735900878906,0
0.5404192805290222,0.001055283471941948,309,135.76051330566406,149
1.4649852514266968,0.0009303658152930439,840,368.0238037109375,3
0.9077418446540833,0.0007041966309770942,543,228.03683471679688,0
0.98077791929245,0.0009824372828006744,567,246.3844757080078,0
1.068359375,0.0009159066830761731,619,268.3861083984375,0
0.9948681592941284,0.0008688622037880123,580,249.92413330078125,0
0.9447877407073975,0.0009184490772895515,571,237.34326171875,0
0.6872614026069641,0.000619041093159467,382,172.6492156982422,0
1.0410478115081787,0.0007370312232524157,598,261.52508544921875,0
1.1109919548034668,0.0006609794218093157,646,279.0959777832031,0
1.1377465724945068,0.0007966756238602102,667,285.81707763671875,0
1.1880204677581787,0.0010218002134934068,683,298.4465637207031,0
0.700029730796814,0.0008117988472804427,405,175.85679626464844,0
0.9829115271568298,0.0006054934929125011,591,246.92047119140625,0
0.9748244285583496,0.0007244336302392185,549,244.88888549804688,0
0.9765212535858154,0.0015130756655707955,568,245.3151397705078,8
0.988239049911499,0.0008109887130558491,568,248.25880432128906,144
0.9057521224021912,0.0010487918043509126,527,227.53700256347656,0
1.183427333831787,0.0006862501613795757,697,297.2926940917969,0
1.035378336906433,0.0007420959300361574,605,260.100830078125,0
0.6178223490715027,0.0007912825676612556,346,155.2052001953125,0
1.0791689157485962,0.000633604999165982,630,271.1015930175781,0
1.117180585861206,0.0007957749185152352,644,280.650634765625,0
0.8444317579269409,0.0006941304891370237,483,212.13250732421875,0
1.0392214059829712,0.000746270758099854,634,261.0662536621094,0
1.084800362586975,0.0006598648033104837,614,272.51629638671875,0
0.9419456124305725,0.0012887438060715795,553,236.62928771972656,0
0.988014817237854,0.0009553503477945924,563,248.20248413085938,0
0.7662554979324341,0.0006359976250678301,468,192.49359130859375,0
1.1998974084854126,0.000656162912491709,695,301.4302062988281,0
1.022902250289917,0.0009333480265922844,600,256.9666748046875,0
0.8604739308357239,0.000586487352848053,480,216.16250610351562,98
0.8330169320106506,0.0009014926035888493,468,209.26495361328125,54
0.9287866353988647,0.0008568168850615621,581,233.32357788085938,0
0.966288149356842,0.0007470751879736781,540,242.74444580078125,0
1.0336607694625854,0.0007573398179374635,626,259.6693420410156,0
0.9077228307723999,0.001174251432530582,499,228.0320587158203,0
1.0905760526657104,0.00066509994212538,641,273.96722412109375,0
1.400194525718689,0.0009625487728044391,804,351.74749755859375,0
0.6082479953765869,0.000984702492132783,370,152.8000030517578,0
1.0923138856887817,0.000860488333273679,629,274.40380859375,0
0.9101177453994751,0.0006157336174510419,546,228.63369750976562,0
0.9148232936859131,0.0010448703542351723,532,229.8157958984375,0
1.0449780225753784,0.0008014516206458211,605,262.51239013671875,0
1.0978902578353882,0.0011469775345176458,645,275.8046569824219,0
0.788938581943512,0.0006782111595384777,443,198.19187927246094,0
1.1798381805419922,0.003576922696083784,693,296.39105224609375,0
0.9697484374046326,0.000700832053553313,554,243.6137237548828,147
0.893221378326416,0.001132266828790307,532,224.38909912109375,5
1.173813819885254,0.0009166218223981559,662,294.8776550292969,0
0.693333625793457,0.0010465190280228853,418,174.1746368408203,0
1.145668864250183,0.0011219466105103493,659,287.8072814941406,0
0.8462151885032654,0.0011054667411372066,503,212.5805206298828,0
1.1310733556747437,0.0007723919115960598,661,284.14068603515625,0
1.1922109127044678,0.0009061917080543935,697,299.499267578125,0
1.0023163557052612,0.0008454840863123536,586,251.79522705078125,0
0.5271597504615784,0.0010027325479313731,291,132.42955017089844,0
1.222894549369812,0.0005955033120699227,704,307.2073974609375,0
0.9969726204872131,0.000993970432318747,572,250.4528045654297,0
1.0643360614776611,0.0006935779238119721,634,267.3753967285156,0
1.089409351348877,0.000682199839502573,626,273.67413330078125,0
1.3783825635910034,0.0010289225028827786,802,346.26806640625,0
0.7818214893341064,0.0017820196226239204,453,196.4039764404297,8
0.7014681696891785,0.0007609865861013532,408,176.2181396484375,144
1.093157172203064,0.0010411670664325356,627,274.6156311035156,0
0.8356462121009827,0.0012887282064184546,483,209.9254608154297,0
1.1544033288955688,0.0010963501408696175,671,290.0014953613281,0
0.899777352809906,0.0011133194202557206,527,226.0360565185547,0
1.3785701990127563,0.0007704728050157428,790,346.315185546875,0
0.7574489116668701,0.0006052915705367923,448,190.28125,0
1.1918030977249146,0.0008995361858978868,693,299.3968200683594,0
0.7028220295906067,0.000813754741102457,412,176.55825805664062,0
1.2289001941680908,0.0009555386495776474,715,308.7160949707031,0
0.9689576029777527,0.0007218914106488228,571,243.41505432128906,0
0.7861528396606445,0.0008569089695811272,441,197.4920654296875,0
1.128840446472168,0.001509029883891344,652,283.5797424316406,0
1.1846214532852173,0.0011039315722882748,712,297.5926818847656,0
1.0653870105743408,0.0012744570849463344,599,267.639404296875,0
1.0322853326797485,0.0013004415668547153,596,259.3238220214844,110
0.9673418998718262,0.002134405542165041,545,243.00917053222656,42
0.864904522895813,0.001492335693910718,519,217.27552795410156,0
0.9941415190696716,0.0009636642644181848,565,249.74159240722656,0
1.0881491899490356,0.0009776584338396788,646,273.3575744628906,0
0.8776220679283142,0.0011724685318768024,506,220.47035217285156,0
0.8587303161621094,0.0012181912316009402,490,215.7244873046875,0
1.190443992614746,0.00097792805172503,686,299.0553894042969,0
0.7347846627235413,0.0015349824680015445,439,184.5876922607422,0
0.023884084075689316,0.0031470044050365686,4,6.0,0
