cell_width_mean,cell_width_std,number_of_crossings,slope_mean,stop_cell,cell_width_truth
1.8272275924682617,0.0015315173659473658,1067,516.3359375,417,1.8404176650290762
1.0305100679397583,0.00206891936250031,602,291.20037841796875,0,1.0318809321331912
1.3071743249893188,0.0018174512078985572,800,369.3798522949219,0,1.3120870397370097
0.4987979829311371,0.0027539567090570927,324,140.9497833251953,0,0.49092883182677755
1.5450935363769531,0.0016429598908871412,878,436.6108093261719,0,1.5500696577518007
0.839374840259552,0.002032181015238166,586,237.18960571289062,0,0.8380349637667573
1.2684627771377563,0.0019010138930752873,712,358.4407958984375,0,1.2697435269613806
0.7588495016098022,0.002273536752909422,497,214.43484497070312,0,0.7541918549709482
0.963354229927063,0.0020124276634305716,577,272.22357177734375,0,0.9621915605971731
0.8425359725952148,0.0024846228770911694,425,238.08287048339844,0,0.8372077930467775
1.1826682090759277,0.0017126848688349128,799,334.1970520019531,0,1.1892645834619386
1.1943366527557373,0.0020085752476006746,607,337.49432373046875,0,1.1955360631368508
0.9363213777542114,0.002030323026701808,595,264.58465576171875,0,0.9367670859277686
1.134973406791687,0.0017737465677782893,727,320.7195129394531,0,1.136985010181931
1.0262317657470703,0.0018881956348195672,635,289.9914245605469,0,1.0198981604467536
0.8085143566131592,0.0025060442276299,436,228.46908569335938,0,0.8091023436526088
0.7537901997566223,0.002555325161665678,405,213.0052032470703,0,0.7553143161028515
0.9986013174057007,0.002105936873704195,598,282.18365478515625,0,1.0014072000004062
1.3059141635894775,0.0018217678880319,801,369.0237731933594,0,1.3116410350058623
1.0751928091049194,0.0019034596625715494,667,303.8267822265625,0,1.0762504172284482
0.9104545712471008,0.002199014415964484,532,257.2752380371094,0,0.9053338834353529
0.9138396978378296,0.0020797692704945803,600,258.2318115234375,0,0.9174686209240925
0.8749724626541138,0.0022260965779423714,515,247.24874877929688,0,0.8670178219873137
1.1074442863464355,0.0019519503694027662,682,312.94036865234375,0,1.1073310590595236
1.1337511539459229,0.002174205845221877,601,320.3741455078125,0,1.136474405086197
0.938428521156311,0.0020588317420333624,600,265.1800842285156,0,0.9423062096244509
0.9566574692726135,0.0020581125281751156,601,270.3312072753906,0,0.957241289485802
1.161206603050232,0.001997018698602915,659,328.1324768066406,0,1.1608368473780255
0.920349657535553,0.0020117952954024076,542,260.0713806152344,0,0.9175940076095994
1.180019736289978,0.0017947715241461992,797,333.44866943359375,0,1.1866146574363898
0.9272273182868958,0.0021494661923497915,508,262.0148620605469,0,0.9194849985401236
1.3100249767303467,0.0017421940574422479,754,370.1853942871094,0,1.309932581821397
0.7482522130012512,0.0020786100067198277,529,211.44027709960938,0,0.7415093850551674
0.8634471297264099,0.0025326316244900227,412,243.99192810058594,0,0.8611155894147785
1.1801745891571045,0.0018100566230714321,799,333.492431640625,0,1.1851710419089554
1.037345290184021,0.0020681314636021852,600,293.1318664550781,0,1.0395458488235623
0.8696348667144775,0.002223208313807845,524,245.74044799804688,0,0.8701012379132322
0.6905744671821594,0.002301387023180723,425,195.1417694091797,0,0.6791989365290315
1.0846772193908691,0.0019047047244384885,650,306.50689697265625,0,1.0831793426802199
1.161815881729126,0.002164834178984165,603,328.30462646484375,0,1.162902628778413
1.0402040481567383,0.0019494463922455907,641,293.939697265625,0,1.0355036776712003
0.7928500175476074,0.002026961650699377,525,224.0426788330078,417,0.7938700663575015
1.2364624738693237,0.0019638892263174057,700,349.398193359375,0,1.2365936472528458
1.0249522924423218,0.001983384136110544,641,289.6298828125,0,1.021210549034318
0.7505297064781189,0.002430796157568693,460,212.08384704589844,0,0.7478542850706427
1.2214245796203613,0.0018435204401612282,683,345.1488037109375,0,1.2218537987516283
1.0497568845748901,0.001876425463706255,688,296.6391296386719,0,1.0490398378293233
0.8907898664474487,0.002338653663173318,432,251.71841430664062,0,0.8861755845363881
0.8927966952323914,0.0021152945701032877,595,252.28549194335938,0,0.8909051178706121
1.3059533834457397,0.0017425455152988434,800,369.03485107421875,0,1.3098509374491802
0.5854702591896057,0.002462132601067424,383,165.4415283203125,0,0.584916075087254
1.370690941810608,0.001782706007361412,818,387.3283386230469,0,1.376490504319083
0.6090115308761597,0.0024116800632327795,342,172.0937957763672,0,0.6023368387188032
1.0387158393859863,0.0019769330974668264,645,293.5191650390625,0,1.03363217412003
1.3057384490966797,0.0018374556675553322,771,368.97412109375,0,1.3069893320001897
0.6753121614456177,0.002272355370223522,406,190.82896423339844,0,0.6639593291187543
1.3311798572540283,0.0016753693344071507,793,376.163330078125,0,1.3349268442842068
0.8994779586791992,0.0025102091021835804,445,254.17347717285156,0,0.8972762394362884
0.9064269065856934,0.0019807966891676188,598,256.1371154785156,0,0.9068514556532409
0.9883348345756531,0.0020835192408412695,600,279.2825622558594,0,0.9929198205502054
0.9483723044395447,0.002001068787649274,601,267.989990234375,0,0.9484529581526114
1.0871918201446533,0.002140066586434841,600,307.21746826171875,0,1.0910286445440505
0.880351185798645,0.002027805894613266,595,248.76866149902344,0,0.8826920515921739
0.9998657703399658,0.0020428483840078115,602,282.54095458984375,0,1.0015074378354931
1.0649712085723877,0.0020379044581204653,600,300.9383850097656,0,1.0656073283795566
0.947270929813385,0.0020776730962097645,600,267.67877197265625,0,0.9494014631367033
0.8931139707565308,0.002200355054810643,501,252.37515258789062,0,0.8919997484026428
1.182456135749817,0.0018535309936851263,702,334.13714599609375,0,1.1860219312129807
0.943121612071991,0.002094469266012311,600,266.5062561035156,0,0.9471586266780264
0.9838457703590393,0.001989129465073347,601,278.0140380859375,0,0.9856581197886085
0.7885632514953613,0.0025266611482948065,400,222.83132934570312,0,0.7915170397935477
0.953511655330658,0.0020509548485279083,599,269.4422607421875,0,0.9538581135655391
1.0972598791122437,0.002186776837334037,615,310.0624694824219,0,1.0971529259712431
1.023123860359192,0.001994886202737689,627,289.1131896972656,0,1.022993495259127
1.1903760433197021,0.001853607944212854,756,336.3751220703125,0,1.191577920133997
0.9869845509529114,0.001964840106666088,601,278.9010009765625,0,0.9887643603820885
0.8928171992301941,0.0020853709429502487,582,252.29129028320312,0,0.8944633822328993
1.0466817617416382,0.001998113002628088,616,295.7701721191406,0,1.0455470081536744
0.9850239157676697,0.0020790838170796633,600,278.3469543457031,0,0.9873645467623765
1.1249140501022339,0.002099885605275631,603,317.876953125,0,1.1243118965920174
0.9462088942527771,0.0020113326609134674,598,267.378662109375,0,0.9469507017038182
1.0322940349578857,0.0020944317802786827,599,291.7044982910156,0,1.0339879528807132
1.0138602256774902,0.0018984563648700714,601,286.4954833984375,0,1.0147617163289546
1.1264772415161133,0.001871529733762145,694,318.3186950683594,0,1.1247499156692398
0.8707668781280518,0.002325135748833418,483,246.06033325195312,417,0.8637867310582173
0.8180756568908691,0.002290197182446718,510,231.17091369628906,0,0.8128800943089656
1.2543920278549194,0.0019119426142424345,694,354.4646911621094,0,1.2536434951379143
0.7828854322433472,0.001954389736056328,570,221.22689819335938,0,0.782758565270927
1.264237403869629,0.0019242559792473912,684,357.2467956542969,0,1.262854768156962
0.9593108296394348,0.002177007030695677,543,271.08099365234375,0,0.9544542962660203
1.0212064981460571,0.001959054498001933,616,288.5714111328125,0,1.0218505932369535
0.8191871643066406,0.0020654804538935423,581,231.48500061035156,0,0.8190933502235451
0.8946356773376465,0.0023968485184013844,496,252.80516052246094,0,0.8913135781094262
1.3156498670578003,0.0018379860557615757,757,371.7748718261719,0,1.3160043009593227
1.140586495399475,0.0017360247438773513,748,322.3056640625,0,1.138936847027808
0.932745099067688,0.0020653577521443367,584,263.5740661621094,0,0.9347685270469877
0.6875452399253845,0.0025706596206873655,410,194.2857666015625,0,0.6874552683653015
1.2828867435455322,0.0018270974978804588,747,362.5166931152344,0,1.2852246110112369
1.0696208477020264,0.0018302897224202752,657,302.25225830078125,0,1.0671596441514608
1.0049769878387451,0.0019737195689231157,600,283.98529052734375,0,1.0068903645251825
0.8710792064666748,0.002400797326117754,437,246.14859008789062,0,0.8638100920756692
1.1627912521362305,0.0017948346212506294,766,328.58026123046875,0,1.1640182365506044
0.5582839846611023,0.0025245025753974915,326,157.75926208496094,0,0.5531830530060617
1.2931478023529053,0.0018473686650395393,708,365.416259765625,0,1.2931624702014282
1.1451143026351929,0.0017170733772218227,764,323.5851135253906,0,1.1495028206813356
0.9269266724586487,0.002131712157279253,583,261.9299011230469,0,0.9262362133948513
1.2556911706924438,0.001927362522110343,656,354.8318176269531,0,1.256244672917862
0.8806437849998474,0.002074240008369088,561,248.85134887695312,0,0.8772789105253213
0.908366322517395,0.0020034683402627707,598,256.6851501464844,0,0.9102435707383448
0.9582560658454895,0.0020584759768098593,581,270.7829284667969,0,0.9559002955707454
0.9569165706634521,0.002160719595849514,512,270.4044189453125,0,0.9526389902644853
1.0897622108459473,0.0018544854829087853,710,307.94378662109375,0,1.0869526237541565
0.9327151775360107,0.002276771469041705,528,263.56561279296875,0,0.9283902541494382
0.8851702213287354,0.0022391844540834427,469,250.1304168701172,0,0.8809138729219467
1.02125084400177,0.0019562896341085434,603,288.58392333984375,0,1.0248156546203735
1.3737895488739014,0.0017868166323751211,836,388.20391845703125,0,1.3787982391145073
0.7375959157943726,0.0021123928017914295,526,208.4290313720703,0,0.7314767219760707
1.133658766746521,0.002039787359535694,639,320.3480224609375,0,1.1364508056910163
0.971992015838623,0.0020416039042174816,600,274.6644287109375,0,0.9706758411368956
0.9530189633369446,0.0019131811568513513,599,269.30303955078125,0,0.953505791281928
0.8494526743888855,0.002338231075555086,415,240.03738403320312,0,0.8480426567787306
1.1418085098266602,0.001839497941546142,782,322.6509704589844,0,1.1464695832673926
0.9892285466194153,0.0020446679554879665,601,279.53509521484375,0,0.9910604742632194
0.7687063813209534,0.00235552666708827,401,217.22019958496094,0,0.7660098480521451
1.125129222869873,0.0020136660896241665,641,317.9377746582031,0,1.123704390949404
1.0328972339630127,0.0018354847561568022,659,291.87493896484375,0,1.029668071673949
0.9366571307182312,0.0022985951509326696,490,264.6795349121094,417,0.9292680205424195
0.9363003373146057,0.0020882124081254005,594,264.5787048339844,0,0.9403314289221478
0.9250603318214417,0.0020356127060949802,599,261.40252685546875,0,0.9296761828090722
1.1921807527542114,0.0020317044109106064,660,336.8851013183594,0,1.190774467998063
0.8730053901672363,0.0020791934803128242,539,246.69288635253906,0,0.8674854594973772
0.7534454464912415,0.0025767802726477385,406,212.90777587890625,0,0.7545476337316311
1.075063705444336,0.0017698908923193812,727,303.7903137207031,0,1.0750971457750584
1.128505825996399,0.001876417431049049,668,318.8919372558594,0,1.1255196373565064
1.0048222541809082,0.0020614080131053925,602,283.9415588378906,0,1.0072273114452666
0.7972939014434814,0.0024800372775644064,410,225.29843139648438,0,0.7941898500810901
0.8175463080406189,0.002063099993392825,588,231.02133178710938,0,0.8184419830787771
1.3022208213806152,0.001727957627736032,793,367.9801025390625,0,1.3072803912074216
0.8149937987327576,0.0025550806894898415,406,230.30003356933594,0,0.8133514266738301
1.2270193099975586,0.0017368248663842678,801,346.729736328125,0,1.2301386167265258
0.7962499856948853,0.002568506868556142,402,225.00343322753906,0,0.797904788205829
0.9296969771385193,0.0019428642699494958,598,262.7127380371094,0,0.9307511471784523
1.1379624605178833,0.002039714250713587,657,321.5641784667969,0,1.1377339930067656
1.1058921813964844,0.001742057385854423,744,312.50177001953125,0,1.1026402621062785
0.6394304037094116,0.002646335633471608,386,180.6895294189453,0,0.6414944331450003
0.9767298698425293,0.002011758740991354,555,276.00323486328125,0,0.9709869836678043
1.2739113569259644,0.0018864207668229938,690,359.9804382324219,0,1.2738469611901213
1.1602847576141357,0.0017900228267535567,767,327.8719787597656,0,1.1644734188243224
1.0206506252288818,0.0020371770951896906,601,288.414306640625,0,1.0221266346472522
0.8291272521018982,0.0024384388234466314,453,234.29385375976562,0,0.8224636537464364
0.7669973969459534,0.002132761524990201,546,216.73727416992188,0,0.7639104553919546
0.9746630191802979,0.002068702830001712,584,275.419189453125,0,0.9729895353755479
1.0869064331054688,0.002107376931235194,618,307.1368103027344,0,1.088337002415909
0.7979851365089417,0.0025735253002494574,406,225.49375915527344,0,0.8003470872293309
0.8903849720954895,0.0020686101634055376,592,251.60398864746094,0,0.8926635707837562
1.1504179239273071,0.0019138482166454196,654,325.0838317871094,0,1.153666206908945
0.9715777635574341,0.0020418609492480755,558,274.54736328125,0,0.9673091728743732
1.0667189359664917,0.0018606868106871843,715,301.4322509765625,0,1.0663451074511234
1.1906824111938477,0.0018852996872738004,675,336.4617004394531,0,1.1920327448411212
0.982917070388794,0.0019945448730140924,600,277.7516174316406,0,0.9814208364649779
1.212322473526001,0.001772786839865148,792,342.57672119140625,0,1.213486263704733
0.8764029145240784,0.002472738502547145,416,247.65296936035156,0,0.8747568741514351
1.1225389242172241,0.00172221299726516,784,317.205810546875,0,1.1241462240702922
0.6001698970794678,0.003189914394170046,278,169.5953369140625,0,0.5901190861859043
1.2584670782089233,0.001885331585071981,731,355.6162109375,0,1.2628981529036583
0.9074804186820984,0.001968519063666463,598,256.434814453125,0,0.9073099156207338
0.8049026727676392,0.002385171363130212,428,227.44850158691406,0,0.8019607256720463
1.2389168739318848,0.001757561694830656,773,350.09173583984375,0,1.2429114913960684
1.1281349658966064,0.0018021903233602643,705,318.787109375,0,1.1305812308673677
0.9196110367774963,0.002362539991736412,470,259.8626708984375,416,0.9156461635906847
1.1276283264160156,0.0017013332108035684,782,318.6439514160156,0,1.1296603776998515
0.9377566576004028,0.002226670738309622,479,264.990234375,0,0.9300894701969008
1.0153700113296509,0.0019502736395224929,614,286.922119140625,0,1.011336109172912
0.9208818674087524,0.002173196990042925,524,260.2217712402344,0,0.9217974412956981
0.6805951595306396,0.002552744932472706,405,192.3218231201172,0,0.6757879300088963
1.2640045881271362,0.0018138864543288946,796,357.1809997558594,0,1.2669155327721935
1.0535792112350464,0.001987550873309374,602,297.71923828125,0,1.0558036867036933
1.0541695356369019,0.002062947489321232,623,297.88604736328125,0,1.0512393491357364
0.8976349830627441,0.002105023479089141,573,253.65269470214844,0,0.8994368355784256
1.2483805418014526,0.0016696181846782565,799,352.7659912109375,0,1.2578297656275177
0.779466450214386,0.002587320515885949,403,220.26075744628906,0,0.7821029073270352
1.0373708009719849,0.0020295451395213604,605,293.13909912109375,0,1.0353862766396182
0.9806732535362244,0.0020732819102704525,597,277.1175537109375,0,0.98196100039912
0.9328771829605103,0.002022033091634512,598,263.61138916015625,0,0.9338189493631146
1.0580886602401733,0.0020697093568742275,603,298.9935302734375,0,1.062799357919614
1.1429316997528076,0.0017628743080422282,790,322.9683532714844,0,1.148301516115532
0.7572137117385864,0.002445883583277464,406,213.9726104736328,0,0.7569957134150639
0.9998701810836792,0.0020682448521256447,598,282.5422058105469,0,1.0047777419010269
0.9439795613288879,0.0020292922854423523,601,266.7486877441406,0,0.9463492150988648
1.2752710580825806,0.0017319964244961739,785,360.36468505859375,0,1.2802745782775948
1.0274487733840942,0.0019683127757161856,613,290.3353271484375,0,1.0281224304784595
0.8255885243415833,0.0025148065760731697,403,233.29388427734375,0,0.8290472294631739
0.821548581123352,0.0019428199157118797,591,232.15228271484375,0,0.8207745687524606
1.0480495691299438,0.001972228055819869,610,296.15667724609375,0,1.0517517420644384
1.4266051054000854,0.0018327214056625962,798,403.12847900390625,0,1.4305405089931216
0.7195730209350586,0.0024803532287478447,403,203.3361358642578,0,0.7152117923584989
0.9921473264694214,0.0021168559323996305,601,280.3598937988281,0,0.9997887344086767
1.0445469617843628,0.0019641979597508907,629,295.16693115234375,0,1.0416187815558227
1.0388870239257812,0.0018737965729087591,681,293.5675354003906,0,1.0362263197569694
0.9985073804855347,0.002048542955890298,586,282.1571044921875,0,0.992323101499834
0.8640235066413879,0.002190154977142811,502,244.15480041503906,0,0.8589910479041679
1.0170836448669434,0.002066647866740823,602,287.4063720703125,0,1.0176139058576454
0.9876497387886047,0.0020370453130453825,597,279.0889587402344,0,0.9907613698076305
1.0936089754104614,0.0019717433024197817,621,309.03082275390625,0,1.0980467232665063
0.9544748663902283,0.0020259383600205183,580,269.7144470214844,0,0.9537219998822225
1.010231375694275,0.002041581552475691,602,285.4700622558594,0,1.0122486191199096
1.1510905027389526,0.0017853635363280773,795,325.27386474609375,0,1.1558502236629664
0.9457651376724243,0.0019853520207107067,552,267.2532653808594,0,0.9432674082226176
0.7846888899803162,0.0025699404068291187,451,221.73651123046875,0,0.7813638767723907
1.129217505455017,0.002008850686252117,610,319.093017578125,0,1.132109947244091
1.0156573057174683,0.002140592783689499,610,287.0033264160156,0,1.0169730273329582
1.0457488298416138,0.0017600953578948975,689,295.50653076171875,0,1.044358456796378
1.1462440490722656,0.001987912692129612,665,323.90435791015625,417,1.1442173904828485
0.9007714986801147,0.0019399391021579504,586,254.53900146484375,0,0.9018520787296747
0.8626568913459778,0.0024442803114652634,416,243.7686309814453,0,0.8586288329447992
1.0498523712158203,0.0020193823147565126,625,296.6661071777344,0,1.048859743454988
1.0343998670578003,0.0018677538027986884,649,292.299560546875,0,1.0289007337639735
1.1555646657943726,0.0017895172350108624,728,326.5381774902344,0,1.1534255645914175
0.9099196791648865,0.0020535453222692013,575,257.12408447265625,0,0.9111734226651346
1.1874592304229736,0.0021060635335743427,623,335.5509033203125,0,1.189926677604516
1.1211459636688232,0.001838088734075427,759,316.8121643066406,0,1.1242805499206405
0.6269612908363342,0.002948849694803357,292,177.16603088378906,0,0.6147356391369542
0.970838189125061,0.002015915233641863,560,274.33837890625,0,0.9651715205886621
1.3293217420578003,0.0017333158757537603,800,375.6382751464844,0,1.332824591091267
1.112000584602356,0.001675038947723806,784,314.2279052734375,0,1.1136858517507564
0.8613113164901733,0.0025698095560073853,407,243.38839721679688,0,0.8553342739453298
0.8488285541534424,0.0020893069449812174,595,239.86102294921875,0,0.8475967116420153
0.9697500467300415,0.0020326280500739813,594,274.0308837890625,0,0.9695719138734301
0.9736657738685608,0.002178136259317398,581,275.13739013671875,0,0.9701486091945573
0.8817312717437744,0.002396042924374342,426,249.1586456298828,0,0.8802878334108958
1.2308112382888794,0.001757712452672422,802,347.80126953125,0,1.2383740905114995
0.9443272948265076,0.001991559285670519,599,266.8469543457031,0,0.9444442790711881
1.1188489198684692,0.0021125159692019224,602,316.1630859375,0,1.1193357614970385
0.7216140627861023,0.0024744609836488962,405,203.91290283203125,0,0.7243300980631971
1.0833073854446411,0.0018036188557744026,758,306.1197814941406,0,1.0825162950267264
0.9939587712287903,0.002141382312402129,547,280.87176513671875,0,0.9854868453902497
1.0443998575210571,0.0019046111265197396,674,295.1253356933594,0,1.0391075913686105
1.084797739982605,0.002063299994915724,613,306.5409240722656,0,1.0856329646458542
0.8748483657836914,0.002143134595826268,505,247.21368408203125,0,0.8725041450170005
1.0403813123703003,0.0018682504305616021,677,293.98980712890625,0,1.036133114064891
1.1634572744369507,0.0020424684043973684,620,328.7684631347656,0,1.1664010603306958
0.7936944365501404,0.0023938962258398533,489,224.2812957763672,0,0.7849528322672996
1.1975723505020142,0.0018364465795457363,711,338.4086608886719,0,1.1984617921949692
1.104477882385254,0.0019782388117164373,627,312.1021423339844,0,1.1059376220440649
0.7297582626342773,0.0020556077361106873,508,206.2142791748047,0,0.7201433508181357
0.9807838201522827,0.002135087037459016,543,277.1488037109375,0,0.9773000602564451
0.7821621894836426,0.0020755964796990156,520,221.02252197265625,0,0.781373709853716
1.3983802795410156,0.0017779897898435593,802,395.1527404785156,0,1.4068847374792124
0.8795643448829651,0.0019283788278698921,596,248.5463104248047,0,0.8816144650677739
0.8117992877960205,0.002270204247906804,405,229.3973388671875,0,0.8142427805973702
1.0849478244781494,0.0019246101146563888,629,306.5833435058594,0,1.0880844412119268
0.976960301399231,0.0021166102960705757,578,276.068359375,0,0.9759780173708521
1.3141536712646484,0.0017313467105850577,798,371.3520812988281,0,1.3207872309048652
0.5297152996063232,0.0024051812943071127,392,149.6863555908203,0,0.5276262191025739
1.141456127166748,0.0020965368021279573,604,322.5513916015625,0,1.1410376699543732
0.7382462024688721,0.002219313057139516,469,208.61279296875,417,0.7323602690289828
1.2174904346466064,0.0019633222837001085,708,344.0370788574219,0,1.2193935022095792
1.1654763221740723,0.0016982537927106023,788,329.3389892578125,0,1.170030122878526
1.0083398818969727,0.001914104213938117,603,284.935546875,0,1.007005500968338
0.8325079679489136,0.002322630723938346,408,235.24917602539062,0,0.8358874188052884
0.832125186920166,0.0020828242413699627,588,235.14100646972656,0,0.8341264629259887
1.4267628192901611,0.001813687151297927,811,403.1730651855469,0,1.4343826812307678
0.5412138104438782,0.0025131050497293472,375,152.9355926513672,0,0.5407627389978595
1.1984477043151855,0.002129704924300313,625,338.656005859375,0,1.1965623984494944
0.9864221215248108,0.0021179046016186476,602,278.7420654296875,0,0.9896067872767307
0.8555900454521179,0.0020210198126733303,601,241.7716827392578,0,0.8542806443827042
1.0383596420288086,0.0021454410161823034,600,293.41851806640625,0,1.0431238985373648
0.8331316709518433,0.002479579532518983,418,235.4254150390625,0,0.8304822037979283
1.1742465496063232,0.0016870602266862988,780,331.8172912597656,0,1.1782564191209295
1.081737995147705,0.00204394175671041,599,305.67633056640625,0,1.0807039091523734
1.150705099105835,0.0017358779441565275,756,325.16497802734375,0,1.1492168865952792
0.8606958389282227,0.0025473095010966063,445,243.2144775390625,0,0.8545504283776141
1.1176618337631226,0.0018984823254868388,710,315.82763671875,0,1.1177320753245128
0.8399937748908997,0.002211017766967416,491,237.364501953125,0,0.8329500092384441
1.1712708473205566,0.0018319700611755252,729,330.9764099121094,0,1.1730410719747981
0.7766987085342407,0.0022253196220844984,471,219.47865295410156,0,0.7741974079135695
1.1362206935882568,0.0020963363349437714,599,321.0719909667969,0,1.1366238679223433
1.1434190273284912,0.0018087576609104872,791,323.1060791015625,0,1.146245508202038
0.9923806190490723,0.002084436360746622,600,280.4258117675781,0,0.9923249489272347
0.9729785919189453,0.0020890908781439066,568,274.9432067871094,0,0.9702766776295166
1.025180697441101,0.0019510205602273345,630,289.6944274902344,0,1.022445584048789
0.9620769619941711,0.0020430944859981537,533,271.8626403808594,0,0.957308869572002
1.169622540473938,0.002016674494370818,680,330.5106506347656,0,1.1707387006782781
0.6967920064926147,0.0023692608810961246,399,196.89871215820312,0,0.6998327339766977
1.1380647420883179,0.0018188965041190386,732,321.59307861328125,0,1.135741155191483
1.1866984367370605,0.001999135594815016,665,335.3359375,0,1.1871709118672467
0.6781603693962097,0.00257243518717587,401,191.63380432128906,0,0.6755254761291563
1.3007944822311401,0.0017969951732084155,800,367.5770568847656,0,1.3097344899285142
0.820907711982727,0.0021458715200424194,507,231.97119140625,0,0.816484067600808
1.1178615093231201,0.0019425476202741265,695,315.8840637207031,0,1.1206029775049382
0.7714642286300659,0.0025507856626063585,400,217.99951171875,0,0.7710160187409906
1.0853748321533203,0.0019256906816735864,664,306.7040100097656,0,1.0873600112931894
0.8741940259933472,0.0021627028472721577,535,247.02877807617188,0,0.8726704730774805
0.8973004221916199,0.002040604827925563,597,253.5581512451172,0,0.8998558440317526
0.9514091610908508,0.0019496891181915998,567,268.84814453125,0,0.9512871501627552
1.4673128128051758,0.0017667304491624236,835,414.6316223144531,0,1.4736013003556148
0.7447137832641602,0.002366290194913745,402,210.44039916992188,0,0.7413480033325661
1.3290742635726929,0.0017495498759672046,768,375.5683288574219,417,1.3358108680925773
0.5955641865730286,0.0025561368092894554,398,168.2938690185547,0,0.5968925297638706
0.9731438159942627,0.001940713613294065,601,274.9898986816406,0,0.9737366707729821
1.13162100315094,0.002105382503941655,626,319.772216796875,0,1.133254160343775
1.0668522119522095,0.0017729175742715597,723,301.46990966796875,0,1.0654305712934284
1.1612590551376343,0.0020335486624389887,648,328.14727783203125,0,1.1602115825945944
0.9435725808143616,0.002086631953716278,600,266.6336975097656,0,0.9445981518953226
0.9914381504058838,0.0020034334156662226,601,280.15948486328125,0,0.9932229774271896
1.1567000150680542,0.0020450446754693985,612,326.8590087890625,0,1.1596144463831968
0.6920182108879089,0.002490482060238719,430,195.54974365234375,0,0.6860119508100285
1.104217290878296,0.0017011667368933558,756,312.02850341796875,0,1.105264204959355
1.0850590467453003,0.0020845583640038967,601,306.6147766113281,0,1.0891928976522454
1.0152214765548706,0.001979638123884797,598,286.8801574707031,0,1.0142500385334399
0.9155580401420593,0.001888363272882998,600,258.7173767089844,0,0.9163055759838099
0.9038165211677551,0.002256879350170493,479,255.39947509765625,0,0.901185395815812
1.318558931350708,0.0018155478173866868,766,372.596923828125,0,1.317931465710238
0.7797468304634094,0.0020607521291822195,558,220.33999633789062,0,0.776773436843097
0.9610956311225891,0.00197693076916039,589,271.5853271484375,0,0.9648891621685421
1.181870937347412,0.001961683388799429,614,333.9717712402344,0,1.183621705858665
0.9223130345344543,0.0019209736492484808,597,260.6261901855469,0,0.9237879549281218
1.0451737642288208,0.0020902142859995365,600,295.34405517578125,0,1.045781691027974
0.7451328635215759,0.002533156657591462,416,210.55882263183594,0,0.7441298714311723
1.100346326828003,0.0017034324118867517,766,310.93463134765625,0,1.1015625563930138
0.9617050290107727,0.0020947162993252277,541,271.7575378417969,0,0.9572003481108287
1.0500918626785278,0.0019568593706935644,663,296.7337951660156,0,1.0468654753733309
1.290806770324707,0.0018322229152545333,752,364.7547302246094,0,1.288889191840703
0.8808397650718689,0.002251396654173732,463,248.90672302246094,0,0.8782044716529873
0.8239305019378662,0.002107751090079546,583,232.8253631591797,0,0.8222020937831805
1.0369384288787842,0.002016008598729968,609,293.01690673828125,0,1.0384981787041645
0.998772919178009,0.002083641942590475,601,282.2321472167969,0,1.0016236469784299
1.0060449838638306,0.002119204495102167,600,284.2870788574219,0,1.006454133280928
1.0220149755477905,0.0020619016140699387,605,288.79986572265625,0,1.0224082779341848
1.2798932790756226,0.0018121592001989484,793,361.6708068847656,0,1.2870652446464885
0.6340891122817993,0.002636177930980921,361,179.18019104003906,0,0.6262297364787354
1.3353967666625977,0.0018300754018127918,816,377.3549499511719,0,1.3403978515447987
0.8601752519607544,0.0024501727893948555,433,243.06736755371094,0,0.8570798544611024
1.2881487607955933,0.0017673731781542301,798,364.0036315917969,0,1.2919846458419413
0.5232788920402527,0.002511831931769848,365,147.86756896972656,0,0.5148773013948063
1.0771119594573975,0.0020187145564705133,633,304.3691101074219,0,1.0795347855799986
1.0822110176086426,0.0020931698381900787,601,305.80999755859375,0,1.0839661083751173
1.1545867919921875,0.0017944234423339367,745,326.2618408203125,0,1.1551036246154227
0.7167605757713318,0.0023046338465064764,449,202.54141235351562,0,0.7136019083650168
1.245934009552002,0.0020183406304568052,651,352.07464599609375,0,1.245745325839618
0.695595383644104,0.0023170087952166796,431,196.56056213378906,416,0.6823726380198469
1.0341269969940186,0.0018575153080746531,659,292.2224426269531,0,1.0334221633406926
1.1579351425170898,0.0020078199449926615,645,327.2080383300781,0,1.1614914326221364
0.9826262593269348,0.002222809474915266,601,277.66943359375,0,0.9861924434683881
1.013849139213562,0.0021111019887030125,601,286.49237060546875,0,1.0146553998617756
0.9595296382904053,0.001988744828850031,600,271.142822265625,0,0.9629181955099047
1.01078200340271,0.002004325855523348,600,285.6256408691406,0,1.0119904560392936
0.8612414002418518,0.0021596981678158045,550,243.36863708496094,0,0.8568598914115746
0.9747421741485596,0.0021071939263492823,515,275.4415588378906,0,0.9613419227762257
1.1855244636535645,0.0017383766826242208,736,335.0041809082031,0,1.185670324062557
0.6506600975990295,0.0025345738977193832,399,183.86280822753906,0,0.652812786506002
1.3192073106765747,0.0017390120774507523,800,372.7801208496094,0,1.3241731481690127
1.1167796850204468,0.002142023527994752,605,315.578369140625,0,1.1204444563150862
0.8604469299316406,0.00198738113977015,596,243.14413452148438,0,0.86323464823762
1.1830593347549438,0.0018582259071990848,649,334.3075866699219,0,1.1828953689180952
0.9341281652450562,0.0021005389280617237,552,263.96490478515625,0,0.9374054614863007
0.7780526280403137,0.0021089876536279917,544,219.8612518310547,0,0.7731792370381478
1.2917641401290894,0.0018856467213481665,712,365.0252685546875,0,1.2911748766961857
1.0364842414855957,0.001866052858531475,665,292.8885498046875,0,1.0327859331817224
1.1248936653137207,0.002000505570322275,675,317.8711853027344,0,1.122876266718508
0.7031857371330261,0.0024237579200416803,401,198.7054443359375,0,0.7019242601718279
0.8483275771141052,0.0021365205757319927,534,239.71946716308594,0,0.8458063161131717
1.069444179534912,0.0019378698198124766,666,302.20233154296875,0,1.0692714324535646
0.9398414492607117,0.0021281314548105,550,265.579345703125,0,0.9415830907832239
1.2150453329086304,0.001943347742781043,653,343.3461608886719,0,1.2166224802976473
0.8046205043792725,0.001967793330550194,590,227.36875915527344,0,0.807471959174424
0.9178016781806946,0.0024192144628614187,448,259.35137939453125,0,0.9175462128749149
1.0632423162460327,0.0018094219267368317,718,300.4498291015625,0,1.0633885084770867
1.024180293083191,0.001965957460924983,631,289.4117126464844,0,1.0218530962031094
0.9756483435630798,0.0020875839982181787,562,275.6976318359375,0,0.9713465168777209
1.2485121488571167,0.002009295392781496,663,352.80316162109375,0,1.2500354098302446
1.0158555507659912,0.0020547467283904552,612,287.059326171875,0,1.013715476475931
1.3170461654663086,0.001796420314349234,790,372.16943359375,0,1.3201427767142413
0.5397899150848389,0.002449853578582406,386,152.53323364257812,0,0.534418673304436
1.2842633724212646,0.0017656346317380667,798,362.9057312011719,0,1.2932468559175299
1.1093618869781494,0.001981267938390374,598,313.48223876953125,0,1.1122373494798756
0.6336116194725037,0.0025923168286681175,400,179.04527282714844,0,0.6350000702933788
1.1333259344100952,0.001986599760130048,671,320.2539978027344,0,1.1346603505677402
1.207058072090149,0.0017716762376949191,731,341.0891418457031,0,1.2055094297558338
0.9353384971618652,0.0019031640840694308,600,264.3069152832031,0,0.937425902376571
0.9623367190361023,0.002017032355070114,600,271.93603515625,0,0.9630155132178102
0.8044922351837158,0.002413652604445815,402,227.33251953125,0,0.8000132392197252
1.1860727071762085,0.0018152514239773154,764,335.15911865234375,416,1.188906897679423
1.0500943660736084,0.0020660378504544497,602,296.7344970703125,0,1.0499400713232725
0.9633592963218689,0.0019801619928330183,600,272.2250061035156,0,0.9682695967449202
1.1772315502166748,0.0021050041541457176,613,332.6607666015625,0,1.1810216007784984
0.6579617857933044,0.002494240179657936,394,185.92611694335938,0,0.6533459778915682
1.1181870698928833,0.0018265085527673364,784,315.9760437011719,0,1.119357096303793
0.8567978143692017,0.002465098397806287,413,242.11297607421875,0,0.8551512594438125
1.333237648010254,0.001751781557686627,799,376.74481201171875,0,1.341810716345179
1.2100437879562378,0.0017686206847429276,797,341.9328308105469,0,1.2180206848676876
0.7586017847061157,0.002514401450753212,399,214.36485290527344,0,0.7640337562723319
0.8750197291374207,0.0021091303788125515,600,247.26210021972656,0,0.8755403025581247
1.0071320533752441,0.0019097316544502974,602,284.5942687988281,0,1.009072474257371
0.9776023626327515,0.0020717785228043795,599,276.2497863769531,0,0.9783194826149444
1.1101313829421997,0.0019444010686129332,602,313.69970703125,0,1.1134914547126749
0.9667037725448608,0.00207862863317132,601,273.1700744628906,0,0.9712195211425422
1.1715662479400635,0.001713304198347032,736,331.05987548828125,0,1.1731600224616192
1.0386278629302979,0.0018851705826818943,655,293.4942932128906,0,1.040175523594982
0.6437562108039856,0.002613124204799533,361,181.9119110107422,0,0.6360907079984471
1.2851030826568604,0.001895753899589181,696,363.14300537109375,0,1.28306192906397
0.8246122002601624,0.0021212638821452856,550,233.01800537109375,0,0.8197181382515182
0.9307910799980164,0.0021228836849331856,595,263.02191162109375,0,0.9324188377712413
1.0312979221343994,0.0020133815705776215,605,291.4230041503906,0,1.0324868883205658
1.190821647644043,0.0021331817843019962,626,336.5010681152344,0,1.1946976886636034
1.1734330654144287,0.001727222464978695,776,331.58740234375,0,1.1782340116143937
0.7184149622917175,0.002475803019478917,399,203.00889587402344,0,0.7156294301398833
0.8666135668754578,0.0019719223491847515,579,244.88670349121094,0,0.8678825371996268
1.106366753578186,0.002020528307184577,618,312.6358947753906,0,1.1050957910937456
0.9025654196739197,0.0019539499189704657,591,255.04592895507812,0,0.8998668690017234
1.0553734302520752,0.001992487348616123,611,298.22625732421875,0,1.0563008234577331
0.9268937110900879,0.001983635826036334,566,261.92059326171875,0,0.9230403427752295
1.1997065544128418,0.001959107117727399,636,339.0117492675781,0,1.203872132323505
0.8700965046882629,0.0019473687279969454,601,245.87091064453125,0,0.8696690590903726
1.1201237440109253,0.0020199690479785204,600,316.5233154296875,0,1.121894627230071
0.9425621628761292,0.002107589738443494,598,266.3481750488281,0,0.9483695855418585
0.951885461807251,0.0020806852262467146,598,268.98272705078125,0,0.9529711696299873
1.0359094142913818,0.0019545797258615494,601,292.72613525390625,0,1.0421230696417354
0.7268974781036377,0.0024817681405693293,400,205.4058837890625,0,0.7233276005234638
1.2347438335418701,0.0017057755030691624,801,348.91253662109375,0,1.2382413141163904
1.3314284086227417,0.0017677608411759138,801,376.2335510253906,0,1.3399620970560027
0.5047721862792969,0.0033936339896172285,253,142.63795471191406,0,0.5002000270474779
0.9951694011688232,0.0019743749871850014,570,281.2138671875,0,0.9903644708886774
1.273097038269043,0.0017268196679651737,775,359.7503356933594,0,1.2750401609131352
1.1466877460479736,0.0018271964509040117,759,324.0297546386719,417,1.1489335746642428
0.7346529364585876,0.002639989834278822,407,207.597412109375,0,0.7324801134322881
1.044093132019043,0.0020308399107307196,603,295.0386657714844,0,1.048765822629722
1.203536033630371,0.0017339461483061314,790,340.0938720703125,0,1.2078769973612626
1.134531021118164,0.002019663108512759,611,320.5945129394531,0,1.1349487876199522
0.7563927173614502,0.0025809737853705883,406,213.74061584472656,0,0.7540776720387089
1.0767114162445068,0.0019189389422535896,704,304.25592041015625,0,1.073816580614329
1.0178139209747314,0.0019507776014506817,635,287.61273193359375,0,1.0101959484946226
0.7976418137550354,0.002407008782029152,453,225.39674377441406,0,0.7942180382475564
1.0246384143829346,0.0020039028022438288,600,289.5411682128906,0,1.0287695068241036
1.3969703912734985,0.0017958118114620447,804,394.75433349609375,0,1.4048364768419142
0.7849215865135193,0.001963610528036952,561,221.80226135253906,0,0.7833690506351542
1.1307921409606934,0.002096183132380247,637,319.5379943847656,0,1.130373365487592
0.9420823454856873,0.0020884366240352392,601,266.21258544921875,0,0.9448668631904517
1.2728047370910645,0.001787147601135075,779,359.6677551269531,0,1.2744489841449655
0.9528346061706543,0.0021799332462251186,493,269.2509460449219,0,0.945256968344125
0.9319047331809998,0.002169335726648569,529,263.33660888671875,0,0.9256369913783241
0.9258384704589844,0.0019552651792764664,595,261.6224060058594,0,0.9301476939572336
1.027405858039856,0.0019568195566534996,601,290.3232116699219,0,1.0291158696644869
0.6958791613578796,0.002551028737798333,401,196.64076232910156,0,0.6958938995699012
1.2278121709823608,0.0018179899780079722,801,346.95379638671875,0,1.231563996357684
1.110474705696106,0.00204216199927032,605,313.79669189453125,0,1.1131745315218353
0.955974817276001,0.0019820877350866795,596,270.1383056640625,0,0.9551337323883897
0.9512068629264832,0.0020433610770851374,598,268.7909851074219,0,0.952553591443035
0.9616555571556091,0.002120229182764888,600,271.7435607910156,0,0.9646102602254943
1.0850809812545776,0.0020828230772167444,599,306.6209716796875,0,1.0888714452845532
0.8840487003326416,0.002013740362599492,601,249.81349182128906,0,0.884704734353404
0.8280404210090637,0.0025588495191186666,402,233.9867401123047,0,0.826328173896186
1.2954189777374268,0.0017283151391893625,799,366.05804443359375,0,1.3029323814286233
1.0498039722442627,0.0019958363845944405,611,296.6524353027344,0,1.0514886922403759
0.9407334923744202,0.0020898967050015926,589,265.8314208984375,0,0.9432374918176155
0.9627646803855896,0.0019291257485747337,599,272.0569763183594,0,0.9655774182668884
0.9510527849197388,0.0020300790201872587,598,268.7474365234375,0,0.9558557785298357
1.081943392753601,0.002124832011759281,601,305.734375,0,1.084159194335689
0.7882161736488342,0.002190255094319582,516,222.73324584960938,0,0.7821247784836803
0.9003857374191284,0.0022986833937466145,486,254.4300079345703,0,0.8943803075943078
1.1312328577041626,0.0017525149742141366,773,319.6625061035156,0,1.1307826600484578
1.277654767036438,0.0019346445333212614,686,361.03826904296875,0,1.2785509881073316
0.9509703516960144,0.0021011249627918005,545,268.7241516113281,0,0.9509696310275928
0.8445453643798828,0.0019139688229188323,596,238.65069580078125,0,0.8426324954334916
1.1577479839324951,0.001970204059034586,602,327.1551513671875,0,1.1591444846902743
0.9279818534851074,0.001975270686671138,596,262.22808837890625,0,0.9261579063108417
1.0564690828323364,0.0020616205874830484,601,298.5358581542969,0,1.059302714200299
0.9272265434265137,0.0020751201082021,566,262.0146484375,417,0.9315684252226742
0.9720378518104553,0.0020808770786970854,601,274.6773681640625,0,0.9758354078944175
1.0024769306182861,0.0019934361334890127,600,283.27880859375,0,1.0051006245350937
0.8319583535194397,0.0023369193077087402,473,235.0938720703125,0,0.8270156552669126
1.038110375404358,0.0018022962613031268,682,293.34808349609375,0,1.0326607848739446
1.1362366676330566,0.001964135328307748,642,321.0765075683594,0,1.1373047939055196
0.9123194217681885,0.002012962242588401,595,257.8022155761719,0,0.9109039366423862
0.9369145035743713,0.002137845614925027,505,264.75225830078125,0,0.9334593565587663
1.269197940826416,0.0018765028798952699,713,358.6485290527344,0,1.2722905929968225
0.929620087146759,0.0020137226674705744,589,262.6910095214844,0,0.9337106662796705
0.9583711624145508,0.002054535550996661,601,270.8154602050781,0,0.9578530263331066
0.9504623413085938,0.002160429721698165,600,268.5805969238281,0,0.9534067453354869
1.2212835550308228,0.001876235124655068,726,345.10894775390625,0,1.2224677405929274
1.0544064044952393,0.0017967590829357505,662,297.9530029296875,0,1.0553572052170876
0.9146814346313477,0.0025205425918102264,459,258.46966552734375,0,0.9094988191182019
1.1734195947647095,0.0017411725129932165,751,331.5835876464844,0,1.1772136357449778
0.9971734881401062,0.0019775761757045984,601,281.7801818847656,0,0.999758043276055
1.1871705055236816,0.00186549115460366,707,335.4693298339844,0,1.1871224019993745
0.7770299315452576,0.002249507000669837,494,219.57225036621094,0,0.7720077296884821
0.9457164406776428,0.0020034974440932274,585,267.239501953125,0,0.9438806349307294
1.1114704608917236,0.0020128777250647545,614,314.0780944824219,0,1.112758919951148
0.9721083641052246,0.0020060644019395113,599,274.6972961425781,0,0.9774820616526134
1.035492181777954,0.0019261796260252595,598,292.6082458496094,0,1.0386423972302705
0.9475019574165344,0.0019172551110386848,601,267.7440490722656,0,0.9459912909386199
0.8642277121543884,0.002197289140895009,482,244.21250915527344,0,0.862551874827043
1.0111417770385742,0.0019307773327454925,623,285.7273254394531,0,1.0043844186480104
1.3375390768051147,0.0017732399282976985,795,377.9602966308594,0,1.336733151526468
0.5603421330451965,0.0027720241341739893,303,158.34085083007812,0,0.5516720361757242
1.0664341449737549,0.0020527855958789587,618,301.3517761230469,0,1.06527371874768
0.9911026954650879,0.0020859527867287397,588,280.064697265625,0,0.9884427292310993
1.2448476552963257,0.0017352186841890216,791,351.7676696777344,0,1.2474316098952771
0.8585606813430786,0.0020278524607419968,587,242.61111450195312,0,0.8597870507360676
1.0827885866165161,0.0020123335998505354,614,305.97320556640625,0,1.0843824350789917
1.2544357776641846,0.0017973599024116993,788,354.47705078125,0,1.260383029483916
0.9740017652511597,0.002006930997595191,575,275.2323303222656,0,0.9706072479453469
0.8987879157066345,0.002553011057898402,440,253.97848510742188,0,0.8966279712019989
0.8792580366134644,0.001959914807230234,600,248.4597625732422,0,0.8825318617582182
1.2121108770370483,0.0017832743469625711,748,342.5169372558594,0,1.2143140303690356
0.996780514717102,0.001954345963895321,575,281.66912841796875,0,0.989967154808699
0.8964191675186157,0.0022731339558959007,472,253.3091278076172,0,0.893125666011618
1.0056190490722656,0.002031835727393627,602,284.1667175292969,0,1.004863081128045
0.7695214748382568,0.0021715755574405193,509,217.45053100585938,0,0.7636027097436855
1.0489943027496338,0.0019024382345378399,651,296.42364501953125,417,1.0471083822792844
1.4680488109588623,0.001820930978283286,808,414.839599609375,0,1.4735083330412657
0.9366179704666138,0.0020857807248830795,598,264.66845703125,0,0.9397332200109697
0.7835521101951599,0.002642769133672118,401,221.415283203125,0,0.7804121536889559
1.0330322980880737,0.001983563881367445,619,291.9131164550781,0,1.0334729377969911
0.9859859347343445,0.00213589402846992,585,278.6188049316406,0,0.9876113273064281
1.054787278175354,0.0018588063539937139,678,298.06060791015625,0,1.0547685314150732
0.7655831575393677,0.0020545278675854206,517,216.33763122558594,0,0.7650360750287685
1.3108924627304077,0.0016601999523118138,798,370.4305419921875,0,1.3137277936464102
0.9581981897354126,0.002078449819236994,550,270.7665710449219,0,0.9563786600786185
0.8444313406944275,0.002379836980253458,453,238.61846923828125,0,0.839410880019127
1.17538321018219,0.0017867846181616187,781,332.13848876953125,0,1.1793643988057898
1.0510610342025757,0.0020206980407238007,616,297.0076599121094,0,1.0526313558848204
0.9762422442436218,0.0019889501854777336,598,275.8654479980469,0,0.979023888804437
0.8637349605560303,0.0024645826779305935,406,244.07327270507812,0,0.8617815571954539
0.9708231687545776,0.002060016617178917,598,274.3341369628906,0,0.9699461669081184
1.2648292779922485,0.0016665429575368762,801,357.4140625,0,1.2702782082077537
0.9435030817985535,0.0019984229002147913,600,266.6140441894531,0,0.9458312798879609
0.9992292523384094,0.002030241070315242,601,282.361083984375,0,1.0028896710976842
0.9176602959632874,0.002069767564535141,575,259.3114318847656,0,0.9182185572598437
1.1636431217193604,0.001974958460777998,622,328.82098388671875,0,1.164845884026042
1.1593202352523804,0.0018275760812684894,771,327.59942626953125,0,1.1630497078372681
0.9715466499328613,0.0021598320454359055,527,274.53857421875,0,0.9624716544288666
0.5925253629684448,0.0026932796463370323,305,167.43515014648438,0,0.5771339361485979
1.2708854675292969,0.0017457451904192567,799,359.1253967285156,0,1.273844934979424
0.8792152404785156,0.0019980422221124172,592,248.44766235351562,0,0.8815697096491353
1.23405122756958,0.0020446365233510733,651,348.7168273925781,0,1.232436458846193
0.6200616359710693,0.002547383541241288,359,175.21632385253906,0,0.6146436849279535
1.255595088005066,0.0017590058268979192,796,354.8046569824219,0,1.2629337903741589
1.0484228134155273,0.0020260068122297525,600,296.26214599609375,0,1.0511280267362464
1.2287174463272095,0.0017734052380546927,800,347.2095947265625,0,1.232674359819835
0.7790680527687073,0.0023744639474898577,400,220.14817810058594,0,0.7782788517968007
1.1299234628677368,0.001839488628320396,781,319.2925109863281,0,1.1289970916686285
0.7894946336746216,0.0024976388085633516,421,223.09451293945312,0,0.7879944129017609
1.2626945972442627,0.0017909272573888302,798,356.8108215332031,0,1.2643715656472303
0.7949066162109375,0.002504844916984439,402,224.6238250732422,0,0.7980926894507926
1.2957239151000977,0.001740858657285571,799,366.14422607421875,0,1.3000989045516669
1.0115171670913696,0.00195396039634943,598,285.8334045410156,0,1.0173137882967074
0.8824042081832886,0.002058544894680381,601,249.3488006591797,0,0.8799504693297859
0.9388266801834106,0.002166550373658538,542,265.2926025390625,0,0.9377409781400098
1.2984552383422852,0.0019073651637881994,731,366.9160461425781,0,1.2996905635017175
0.5433814525604248,0.002583181718364358,329,153.54812622070312,0,0.5355485837403736
1.0651894807815552,0.001995570957660675,604,301.00006103515625,0,1.0690354385017549
0.9815561175346375,0.00220293877646327,579,277.3670349121094,416,0.9799117266564731
0.9612302780151367,0.00209468649700284,599,271.6233825683594,0,0.9596234577271383
0.9123929142951965,0.002013816963881254,598,257.8229675292969,0,0.9136708465384913
1.0800961256027222,0.0019997754134237766,601,305.2123718261719,0,1.082843468459917
0.9438405632972717,0.0020347365643829107,601,266.70941162109375,0,0.9460773452988251
0.9710079431533813,0.002075851196423173,600,274.3863525390625,0,0.9740791599752676
1.0793628692626953,0.0020466092973947525,601,305.0051574707031,0,1.080181742736778
0.9396122694015503,0.0020235355477780104,601,265.51458740234375,0,0.942760319198388
0.9381023645401001,0.002069828100502491,598,265.0879211425781,0,0.9407249905528934
1.2063840627670288,0.0020616815891116858,619,340.8986511230469,0,1.2070302796674965
0.8395206332206726,0.002043952001258731,581,237.23080444335938,0,0.8382483714287348
1.130440592765808,0.0020686620846390724,602,319.43865966796875,0,1.134623282830865
0.9902114868164062,0.002096324460580945,603,279.8128662109375,0,0.9885989262380926
0.9789550304412842,0.0020094960927963257,598,276.63201904296875,0,0.9818934799073524
0.9229590892791748,0.0020069435704499483,600,260.8087463378906,0,0.9228075073283303
1.0202481746673584,0.002036132849752903,600,288.30059814453125,0,1.022833186236307
0.6332321166992188,0.002421884099021554,400,178.9380340576172,0,0.6336653933881435
1.3806612491607666,0.0017760336631909013,798,390.1457214355469,0,1.388406887807966
0.8755831122398376,0.0019772134255617857,594,247.42129516601562,0,0.8795316396597559
0.9933439493179321,0.0019947856198996305,600,280.6980285644531,0,0.9955004978454506
1.0666040182113647,0.002075829077512026,604,301.3997802734375,0,1.0665262745252402
1.2477023601531982,0.0017922547413036227,790,352.5743408203125,0,1.2487205182765249
0.8302308320999146,0.002470145234838128,411,234.60569763183594,0,0.82739276883435
1.1239889860153198,0.001804242143407464,724,317.6155700683594,0,1.1242339470746014
0.8994339108467102,0.00219501624815166,478,254.16102600097656,0,0.8950941892985322
1.0108003616333008,0.002034619450569153,602,285.6308288574219,0,1.0156737495204942
1.0744655132293701,0.0020297428127378225,676,303.62127685546875,0,1.0723089606666312
1.0726747512817383,0.001812468864955008,710,303.115234375,0,1.0718792848099272
0.9123715162277222,0.002456969814375043,441,257.8169250488281,0,0.9060124852356706
1.2889043092727661,0.001838108990341425,774,364.2171630859375,0,1.291083339648211
1.0043268203735352,0.0020397126208990812,602,283.8015441894531,0,1.0070888139846588
1.054006814956665,0.0018811133923009038,669,297.8400573730469,0,1.0536519701319653
1.1002744436264038,0.0018632318824529648,726,310.9143371582031,0,1.1018929479255475
0.842784583568573,0.002561174798756838,408,238.15313720703125,0,0.8443031657478944
0.910746157169342,0.002112066140398383,590,257.3576354980469,0,0.9109122202684724
1.1920135021209717,0.0017220356967300177,769,336.8378601074219,0,1.1924499058670477
0.696783721446991,0.0023592582438141108,426,196.8963623046875,0,0.6965284610847674
1.3292889595031738,0.0017914128256961703,796,375.6289978027344,0,1.3340997927530918
1.123971700668335,0.0021597754675894976,609,317.6106872558594,0,1.1238917558444772
0.850233793258667,0.0020429156720638275,581,240.25811767578125,0,0.8487050488934694
0.8189837336540222,0.0023303087800741196,421,231.42752075195312,0,0.816563089818005
1.2030963897705078,0.0016773202223703265,794,339.9696350097656,0,1.207651849596127
0.9925273656845093,0.002085339277982712,560,280.46728515625,416,0.9938070028634864
1.0078448057174683,0.002058336278423667,609,284.795654296875,0,1.0056391198251327
0.8860118985176086,0.0024330713786184788,416,250.36825561523438,0,0.8818350240616245
1.0810542106628418,0.0018092395039275289,740,305.48309326171875,0,1.0815339404051023
0.694858968257904,0.002160889795050025,429,196.35247802734375,0,0.6860042035338327
1.16959810256958,0.002007190603762865,624,330.50372314453125,0,1.1703868551501255
0.8396247625350952,0.002091142814606428,587,237.26023864746094,0,0.8390905599456479
1.1310105323791504,0.0020389261189848185,612,319.5997009277344,0,1.132276930843326
1.2861257791519165,0.001784555264748633,798,363.4319763183594,0,1.289265947841547
0.9416066408157349,0.0019663458224385977,598,266.0781555175781,0,0.9412354764597627
0.6847290396690369,0.0025007398799061775,402,193.48997497558594,0,0.686956224589429
1.250902533531189,0.0018764549167826772,747,353.4786376953125,0,1.2522498197447265
1.0181992053985596,0.0019448224920779467,631,287.7215881347656,0,1.0159782770694206
0.832603394985199,0.002561760600656271,423,235.27613830566406,0,0.8326091886802623
1.0296932458877563,0.0020829092245548964,603,290.9695739746094,0,1.0291957262037355
1.145789384841919,0.0016613485058769584,775,323.77587890625,0,1.1470111774679093
1.1916226148605347,0.0020530461333692074,624,336.7273864746094,0,1.1932837511634422
0.8081181049346924,0.0019216288346797228,580,228.35711669921875,0,0.8090817835734738
0.9125860929489136,0.0025136538315564394,443,257.8775634765625,0,0.9057053355317242
0.9439234733581543,0.0020167205948382616,576,266.73284912109375,0,0.9439488109612522
1.093145489692688,0.0019316745456308126,672,308.89984130859375,0,1.0910680960582169
1.0436679124832153,0.0018464141758158803,682,294.91851806640625,0,1.0402218880632919
0.942628800868988,0.0023012375459074974,483,266.36700439453125,0,0.9357012395065266
1.1631217002868652,0.0017993181245401502,763,328.67364501953125,0,1.1669960511425315
0.931466281414032,0.002048580441623926,594,263.21270751953125,0,0.936383238189484
1.2467222213745117,0.0019329230999574065,671,352.29736328125,0,1.2507329030655938
0.45666810870170593,0.002653718227520585,331,129.04476928710938,0,0.4457298220314664
1.3216328620910645,0.001742348074913025,801,373.4655456542969,0,1.328416390935871
0.9158066511154175,0.002257739892229438,524,258.7876281738281,0,0.9111463071984495
1.126334309577942,0.0019165643025189638,678,318.2782897949219,0,1.1271667082757284
1.0181879997253418,0.0020281048491597176,601,287.71844482421875,0,1.0181926869839022
0.9368619322776794,0.0020548258908092976,600,264.7373962402344,0,0.938830960306323
1.1213533878326416,0.0021230648271739483,599,316.87078857421875,0,1.1218314571318593
1.0104732513427734,0.0020516193471848965,598,285.53839111328125,0,1.0159111737386786
0.8116112351417542,0.0020484398119151592,577,229.34420776367188,0,0.8078164149929746
1.1041244268417358,0.0020041754469275475,624,312.00225830078125,0,1.105735120163194
0.877629816532135,0.0020851073786616325,533,247.99966430664062,0,0.8750429870207882
0.8676884770393372,0.002228246768936515,469,245.19044494628906,0,0.8611276274900982
1.2265485525131226,0.0018257573246955872,801,346.59674072265625,0,1.235994484830751
0.9621817469596863,0.0019770856015384197,597,271.8922424316406,0,0.9629996610988248
0.8332135081291199,0.0024848589673638344,403,235.44854736328125,0,0.8265583275936327
1.2175501585006714,0.0017392761074006557,796,344.053955078125,0,1.2258230263188854
0.94680255651474,0.0019549380522221327,583,267.5464172363281,417,0.9505959143427949
1.034422755241394,0.002090996131300926,602,292.3060302734375,0,1.035548373495407
0.9289743900299072,0.0020228629000484943,579,262.508544921875,0,0.9271381751273363
1.0060452222824097,0.0021162095945328474,602,284.2871398925781,0,1.003419108034017
0.9991818070411682,0.001984600443392992,602,282.3476867675781,0,0.9964997772858412
1.0919109582901,0.00201134174130857,619,308.5509948730469,0,1.0925514014775464
1.0268471240997314,0.0019312991062179208,598,290.1653137207031,0,1.0280117040232923
1.0834808349609375,0.0020683626644313335,603,306.1687927246094,0,1.0880206751693922
0.8383868932723999,0.002104019746184349,595,236.91043090820312,0,0.8392280443009067
1.1570817232131958,0.0021019689738750458,603,326.96685791015625,0,1.1593237447425584
1.1251742839813232,0.0017829883145168424,775,317.95050048828125,0,1.1245713707501435
0.9157588481903076,0.0023960431572049856,445,258.77410888671875,0,0.9086215890751107
0.5946077108383179,0.0024799369275569916,381,168.02359008789062,0,0.589881244806694
1.2867262363433838,0.0018119934247806668,800,363.6016540527344,0,1.2927004941624307
0.9591941237449646,0.0020878713112324476,599,271.0480041503906,0,0.9607745241865335
0.8801138997077942,0.0021607198286801577,509,248.70159912109375,0,0.8803089894343534
1.243447184562683,0.0018535235431045294,689,351.3719177246094,0,1.2449402050595804
1.0048778057098389,0.0019432418048381805,604,283.9572448730469,0,1.0074698607846264
0.6956592202186584,0.0025017480365931988,409,196.57861328125,0,0.6923222860547842
1.2182496786117554,0.0017161942087113857,788,344.25164794921875,0,1.2205977864969964
0.7668100595474243,0.00270055397413671,409,216.68434143066406,0,0.7643667103654533
1.2466869354248047,0.0018171867122873664,792,352.28741455078125,0,1.2533467148651838
0.9002029299736023,0.0019874805584549904,600,254.3783416748047,0,0.9022744840656413
1.1023344993591309,0.0019230038160458207,599,311.4964599609375,0,1.1050853024736649
1.1171743869781494,0.0019357581622898579,670,315.68988037109375,0,1.1162349439968957
0.7674345970153809,0.002202874980866909,528,216.86080932617188,0,0.7636369169478114
1.3104900121688843,0.001749557675793767,793,370.3168029785156,0,1.3142171831242542
0.9982444047927856,0.002076727105304599,601,282.0827941894531,0,0.998766689895157
0.8921985030174255,0.002455543028190732,422,252.116455078125,0,0.8910341398164878
1.0200165510177612,0.002008164068683982,628,288.2351379394531,0,1.01540044945408
1.0847986936569214,0.0018384468276053667,738,306.54119873046875,0,1.08506026215169
0.6475719809532166,0.002667131368070841,337,182.99017333984375,0,0.6285802004821013
1.3134475946426392,0.0017233405960723758,760,371.1525573730469,0,1.3141945372399897
1.00440514087677,0.0020499788224697113,592,283.8236999511719,0,0.997849352799145
0.7337531447410583,0.002120892284438014,504,207.34315490722656,0,0.7267495724191378
1.0914677381515503,0.0020475750789046288,627,308.4257507324219,0,1.0905961081545972
1.3158234357833862,0.0017576856771484017,801,371.82391357421875,0,1.3195377740377834
0.8373212814331055,0.0024568671360611916,430,236.60931396484375,0,0.8344402872063498
0.8989963531494141,0.002025156980380416,571,254.03738403320312,0,0.9023098831584127
1.0599923133850098,0.0021237798500806093,601,299.5314636230469,0,1.0633677696146548
1.0417063236236572,0.00197592587210238,636,294.3642272949219,0,1.0435058988482488
0.8391473293304443,0.002132152672857046,560,237.1253204345703,0,0.8373749554293095
1.23789381980896,0.0018839556723833084,781,349.80267333984375,0,1.2417434405234746
0.6525810956954956,0.002586984308436513,349,184.4056396484375,417,0.6426268465470936
1.235627293586731,0.0020021270029246807,658,349.16217041015625,0,1.2355077175079272
0.8545470237731934,0.0019931963179260492,596,241.47694396972656,0,0.8575221643374489
1.186165690422058,0.0019103361992165446,647,335.1853942871094,0,1.1899073690084592
0.9855182766914368,0.0021141408942639828,583,278.4866638183594,0,0.9826929988107561
0.8975518941879272,0.0019456831505522132,569,253.62921142578125,0,0.8958120042352871
1.045780897140503,0.0020658308640122414,601,295.5155944824219,0,1.047896578240556
1.1209484338760376,0.001871947548352182,746,316.7563781738281,0,1.121866021902579
0.8351877927780151,0.002379410667344928,454,236.00643920898438,0,0.8359378356949932
0.8599811792373657,0.0019759000279009342,583,243.0125274658203,0,0.8599064183839149
1.2383766174316406,0.0020155776292085648,648,349.9390869140625,0,1.2376515676145952
1.060472011566162,0.0018810414476320148,703,299.6669921875,0,1.0584379989879862
1.2556207180023193,0.0019638407975435257,675,354.8118896484375,0,1.255049327795286
0.6542149782180786,0.0023844612296670675,389,184.86734008789062,0,0.652178046207839
1.099478840827942,0.0017785425297915936,745,310.68951416015625,0,1.1007626799230164
0.9508768320083618,0.0024280231446027756,491,268.6977233886719,0,0.9442907638136472
0.9413747787475586,0.0020050471648573875,569,266.01263427734375,0,0.9408308302646141
0.9931086301803589,0.00211657234467566,598,280.63153076171875,0,0.9959732604766895
0.8411742448806763,0.00199079024605453,596,237.6980743408203,0,0.843409547235928
1.4931601285934448,0.0016953253652900457,808,421.9355163574219,0,1.5036417809657592
0.5678523778915405,0.0023691526148468256,396,160.4630889892578,0,0.5696153833838947
1.014196515083313,0.0020680176094174385,599,286.59051513671875,0,1.0160495520104216
1.1172857284545898,0.002000431763008237,612,315.72137451171875,0,1.116162000411791
0.9146293997764587,0.001955058891326189,587,258.4549560546875,0,0.9140632162805911
0.9800404906272888,0.0020600713323801756,600,276.9387512207031,0,0.9825948467807992
0.5700656175613403,0.002519814530387521,397,161.08851623535156,0,0.5684307056646961
1.0708876848220825,0.002097499556839466,604,302.6102600097656,0,1.0722306535826216
1.2257574796676636,0.001732157776132226,788,346.3731689453125,0,1.2298364729548907
0.9713035821914673,0.002176809823140502,556,274.4698791503906,0,0.9705331124715968
0.8784283399581909,0.0023474805057048798,457,248.22531127929688,0,0.8727926416636446
1.2833503484725952,0.0016791222151368856,797,362.647705078125,0,1.2896651113489261
0.6659485697746277,0.0025314902886748314,401,188.18299865722656,0,0.6656844091498244
1.4760565757751465,0.0016538685886189342,894,417.1024169921875,0,1.4809755154053474
0.7175983786582947,0.0019764734897762537,480,202.7781524658203,0,0.7079422847262739
1.2161985635757446,0.0020058918744325638,632,343.6720275878906,0,1.2147447789255204
0.7282177805900574,0.0024563332553952932,448,205.7789764404297,0,0.7235775991668583
1.0652744770050049,0.0016960514476522803,726,301.0240783691406,0,1.066383128698915
1.1472171545028687,0.0020899884402751923,622,324.1793518066406,0,1.1484316703556212
0.9260278940200806,0.0019034279976040125,598,261.6759338378906,0,0.9244788331814882
0.9166486263275146,0.001985534792765975,565,259.0255432128906,0,0.9156107644979133
1.3257122039794922,0.0017213342944160104,785,374.6182861328125,0,1.3278742007910314
0.6989043354988098,0.0023997642565518618,431,197.49560546875,0,0.6921847421050931
1.195112943649292,0.0020434486214071512,620,337.71368408203125,0,1.197564895989228
1.0033880472183228,0.0020780458580702543,588,283.5362854003906,417,1.0034475941726446
1.1745893955230713,0.0017743679927662015,794,331.9141540527344,0,1.1758201987295196
0.6203545331954956,0.002604074776172638,373,175.29908752441406,0,0.617207556593297
1.0511146783828735,0.0020829869899898767,625,297.0228271484375,0,1.0500325618821635
1.1115938425064087,0.002093082992359996,602,314.1129455566406,0,1.1149531869475209
0.9381252527236938,0.002087031025439501,600,265.0943908691406,0,0.9363386019597097
0.9402225613594055,0.0020578859839588404,601,265.6870422363281,0,0.9430449422069345
0.9672592878341675,0.0019636093638837337,593,273.3270568847656,0,0.9666693074550347
0.8546456694602966,0.002579337451606989,412,241.50482177734375,0,0.8544775443869415
1.1129180192947388,0.0018528690561652184,754,314.4871520996094,0,1.1123906263596874
0.8377713561058044,0.002420116448774934,442,236.7364959716797,0,0.8380008757514958
1.2364948987960815,0.0018554046982899308,796,349.4073486328125,0,1.2420163830232949
1.006020188331604,0.002032605465501547,601,284.2800598144531,0,1.012437533470222
0.9647794961929321,0.0020698122680187225,598,272.6263122558594,0,0.9652112104805574
1.3846426010131836,0.0018604145152494311,803,391.2707824707031,0,1.3909191506949588
0.9064491987228394,0.0020326338708400726,575,256.1434020996094,0,0.9074397122942292
0.8548377752304077,0.002582222456112504,426,241.55911254882812,0,0.8507166589549184
1.2177839279174805,0.001698448322713375,801,344.1200256347656,0,1.2199546433838824
0.7407839894294739,0.0024691252037882805,398,209.3299102783203,0,0.7402607029157051
1.0578362941741943,0.002051702933385968,603,298.9222106933594,0,1.063814370290125
1.087194561958313,0.0018177647143602371,706,307.2182312011719,0,1.0856825472135074
1.0990930795669556,0.0018410040065646172,691,310.58050537109375,0,1.0983727048110519
0.8096785545349121,0.0025861444883048534,402,228.79806518554688,0,0.8074399569642923
1.270369529724121,0.0018122990150004625,799,358.9796142578125,0,1.2730468463423947
0.7589033842086792,0.0023890468291938305,415,214.4500732421875,0,0.7552001331706123
0.9750076532363892,0.001975530758500099,588,275.5165710449219,0,0.974753590165326
1.1120902299880981,0.0017348878318443894,750,314.25323486328125,0,1.1126117217034281
0.8413425087928772,0.0024426421150565147,446,237.74563598632812,0,0.8396347167067526
1.3075435161590576,0.0017538412939757109,799,369.48419189453125,0,1.3137747540590432
1.0222384929656982,0.0020462495740503073,600,288.8630065917969,0,1.0214106671378982
0.7253862023353577,0.0024287039414048195,409,204.97882080078125,0,0.7259250238541782
1.3502250909805298,0.0018172742566093802,808,381.54510498046875,0,1.356158314293161
0.6537091732025146,0.0023932361509650946,390,184.7244110107422,0,0.648407208505626
1.148345947265625,0.0017456989735364914,796,324.4983215332031,0,1.1508709896575093
0.9391868710517883,0.0019500063499435782,551,265.3943786621094,0,0.9389553934809138
0.9822661876678467,0.002045334316790104,551,277.56768798828125,0,0.9750710497060558
0.9557623267173767,0.0023238505236804485,514,270.0782470703125,0,0.9547719941844793
1.2376186847686768,0.0017797662876546383,782,349.72491455078125,0,1.2435987343890658
1.0591703653335571,0.0022222597617655993,605,299.2991943359375,0,1.0616031784749864
0.7891384363174438,0.0019752078223973513,578,222.99386596679688,0,0.7877111605651571
0.7983834147453308,0.002582098124548793,418,225.60629272460938,0,0.7943077874625628
1.039651870727539,0.0020074653439223766,602,293.7836608886719,0,1.0439169812420832
0.9899056553840637,0.0020534927025437355,566,279.7264404296875,416,0.9920303140540662
1.0634101629257202,0.00208501354791224,613,300.49725341796875,0,1.0652719309147116
1.1221952438354492,0.0017200361471623182,777,317.1086730957031,0,1.1271223700181157
0.9783817529678345,0.0019696098752319813,592,276.47003173828125,0,0.9789802060855795
1.0509798526763916,0.002044718014076352,615,296.9847106933594,0,1.052017533232386
0.8788414597511292,0.0024431038182228804,440,248.342041015625,0,0.8705408660401264
0.7605141401290894,0.0019839806482195854,549,214.90524291992188,0,0.7561606166355915
0.889200747013092,0.0024633961729705334,435,251.2693634033203,0,0.8858981724541471
1.2159382104873657,0.0018093297258019447,778,343.5984802246094,0,1.217702808165932
1.045839786529541,0.00210399623028934,600,295.5322570800781,0,1.0531402923364506
0.7976616621017456,0.002212145831435919,521,225.40234375,0,0.7968929939346607
1.0638114213943481,0.0018852277426049113,673,300.61065673828125,0,1.0603496691865097
0.9327215552330017,0.0021986125502735376,497,263.5674133300781,0,0.9266520037488352
0.9272695183753967,0.002196968998759985,511,262.02679443359375,0,0.9190506743177022
1.4162790775299072,0.0015936406562104821,916,400.2105712890625,0,1.4190255536000442
0.5426876544952393,0.003098786110058427,283,153.35206604003906,0,0.5316140997271331
1.0847958326339722,0.001976793399080634,622,306.5404052734375,0,1.0852720607639958
0.9421959519386292,0.002110045403242111,579,266.24468994140625,0,0.9424575198879976
1.3066209554672241,0.001774362288415432,797,369.2235107421875,0,1.3086640547359871
0.8995017409324646,0.00208946131169796,597,254.18020629882812,0,0.8996324840995851
0.9046929478645325,0.0020366034004837275,525,255.64712524414062,0,0.9052721436035157
1.3063791990280151,0.0018299994990229607,732,369.1551818847656,0,1.3055249776103235
0.8535054922103882,0.0020736055448651314,546,241.18263244628906,0,0.8500928840322941
0.7147643566131592,0.002742520999163389,400,201.97732543945312,0,0.7158268664940111
1.161070466041565,0.0017445568228140473,777,328.093994140625,0,1.1634665112966007
1.173680067062378,0.002011121017858386,624,331.6571960449219,0,1.1760688267009716
0.9359624981880188,0.002067019697278738,598,264.4832458496094,0,0.9387624267092066
0.9740074872970581,0.0019821838941425085,600,275.23394775390625,0,0.9750367829074975
1.1343927383422852,0.0020569900516420603,602,320.5554504394531,0,1.1331582133078117
0.988654613494873,0.002060009865090251,604,279.3729248046875,0,0.991734010536794
0.929955005645752,0.0020560866687446833,596,262.78564453125,0,0.9309606216078995
1.1856006383895874,0.0017030028393492103,791,335.0257263183594,0,1.1941121137720674
0.5499160289764404,0.003758025821298361,217,155.3946533203125,0,0.5445143872928798
1.2994089126586914,0.0017947172746062279,795,367.1855163574219,0,1.304014139563283
0.9797439575195312,0.002014840254560113,597,276.8549499511719,0,0.9793518369652476
1.0070594549179077,0.0020357060711830854,598,284.57373046875,0,1.0094190754754835
0.3294594883918762,0.003502830397337675,201,93.09829711914062,0,0.33313832930888754
1.5228370428085327,0.0015636540483683348,998,430.32159423828125,0,1.532718857983743
1.004386067390442,0.0021098230499774218,602,283.81829833984375,0,1.0086208676495896
0.7075245976448059,0.002521053422242403,400,199.9315185546875,0,0.7064844857239581
1.1483092308044434,0.001963340910151601,618,324.4879455566406,0,1.1465312039103652
1.2909208536148071,0.001738829887472093,785,364.7869873046875,0,1.2928344624461856
0.5914839506149292,0.002513906452804804,398,167.140869140625,0,0.5896315441354609
1.125817894935608,0.00203825649805367,607,318.13238525390625,416,1.1269855412016117
0.8907355070114136,0.0020903502590954304,575,251.7030487060547,0,0.8850569970425828
1.1590656042099,0.0018227852415293455,727,327.5274658203125,0,1.1609239744380118
0.6870253682136536,0.0025075930170714855,415,194.1388702392578,0,0.6777256429743241
1.304305076599121,0.0017890428425744176,744,368.5690612792969,0,1.3054558480688843
0.9649397730827332,0.0021192748099565506,529,272.6716003417969,0,0.9556178775561935
0.8997551798820496,0.002012450946494937,589,254.25181579589844,0,0.8978042461062467
1.1368238925933838,0.0019987814594060183,654,321.242431640625,0,1.134037707939329
0.7739148736000061,0.002008978044614196,541,218.69200134277344,0,0.7700663814626852
0.877246618270874,0.0024849548935890198,416,247.89137268066406,0,0.8733712440066045
0.9899930357933044,0.002012301003560424,591,279.7511291503906,0,0.9903716222205505
1.320815920829773,0.0017504410352557898,801,373.23468017578125,0,1.3254021045513917
0.8660879135131836,0.002150194486603141,595,244.7381591796875,0,0.8660013197559958
0.8098326325416565,0.002552493941038847,407,228.8415985107422,0,0.8092781472278207
1.2797294855117798,0.0017892807954922318,794,361.6245422363281,0,1.2874073166877482
0.9996752738952637,0.002003784291446209,598,282.48712158203125,0,1.0071659291800228
1.1922978162765503,0.0017107644816860557,799,336.9181823730469,0,1.1945508479824773
0.7861327528953552,0.0025092384312301874,399,222.14451599121094,0,0.7852084923817602
1.1268303394317627,0.001834173803217709,736,318.41845703125,0,1.1235810304745943
0.9500165581703186,0.0024371747858822346,486,268.4546203613281,0,0.9428190793086112
0.8789350986480713,0.0020375975873321295,581,248.36849975585938,0,0.8750781477358306
0.9278368353843689,0.0019928517285734415,599,262.1871032714844,0,0.9314736104809247
1.3016459941864014,0.0017711929976940155,792,367.81768798828125,0,1.3067783677099354
0.8401259183883667,0.002701644552871585,411,237.40185546875,0,0.8389607632721524
0.9097625017166138,0.0020905635319650173,598,257.0796813964844,0,0.9081730813778076
1.0396130084991455,0.0019495633896440268,599,293.7726745605469,0,1.0417941083755764
1.1783581972122192,0.0017770417034626007,769,332.9791564941406,0,1.1801279226720998
0.9499382376670837,0.0022700501140207052,479,268.4324951171875,0,0.944065675642944
0.9673821926116943,0.002044475404545665,559,273.3617858886719,0,0.9630373247800226
0.7661993503570557,0.001999438740313053,570,216.5117645263672,0,0.7615812666009109
1.223909616470337,0.00195644935593009,625,345.85101318359375,0,1.2223278128659454
0.8566886186599731,0.0019982901867479086,599,242.08212280273438,0,0.8575877182129515
0.9709750413894653,0.002038598759099841,598,274.3770446777344,0,0.9726276183883406
0.9334408044815063,0.0020708669908344746,549,263.7706604003906,0,0.935461550699916
0.9631101489067078,0.002256193431094289,505,272.15460205078125,0,0.9606774448563573
1.062084674835205,0.001829806948080659,724,300.1227111816406,0,1.058394495052425
1.0383005142211914,0.0020593591034412384,623,293.40179443359375,0,1.037108674921236
0.7176408171653748,0.002559298649430275,401,202.79014587402344,0,0.7199670108930336
1.0851948261260986,0.0019691043999046087,603,306.65313720703125,0,1.0887657247616969
0.9976242780685425,0.0020157734397798777,598,281.9075622558594,0,1.000598265176703
0.9560792446136475,0.001999162370339036,601,270.1678161621094,0,0.959793599831284
1.1204283237457275,0.0019887706730514765,640,316.6094055175781,0,1.1197125174978826
0.8410743474960327,0.0020856421906501055,557,237.66986083984375,0,0.8401914478930674
1.4031808376312256,0.0017908988520503044,766,396.50927734375,417,1.4123422763981102
0.6624457240104675,0.0025523656513541937,401,187.19317626953125,0,0.6621216752051164
1.2287479639053345,0.0018011437496170402,801,347.2182312011719,0,1.2353491963180752
0.9236890077590942,0.0019844009075313807,575,261.0150146484375,0,0.9265087387336457
0.7994701862335205,0.0025321070570498705,425,225.91339111328125,0,0.7958612355286803
1.1052576303482056,0.0019973258022218943,617,312.3224792480469,0,1.102706411926104
1.107861042022705,0.0017343712970614433,773,313.0581359863281,0,1.110795998540868
0.7478000521659851,0.002330736955627799,407,211.31251525878906,0,0.7438052009641369
0.9903863668441772,0.0021075911354273558,600,279.8622741699219,0,0.9951323830372865
1.2008748054504395,0.0018558783922344446,701,339.34185791015625,0,1.2011031366222704
0.7879854440689087,0.0023395444732159376,502,222.6680450439453,0,0.7827241792835042
1.045989990234375,0.002079956466332078,600,295.5746765136719,0,1.0488431762028154
0.6998984217643738,0.002573180478066206,400,197.77651977539062,0,0.7023538764340999
1.3073663711547852,0.0018328905571252108,800,369.43414306640625,0,1.311179893288917
0.8689713478088379,0.0020716695580631495,578,245.55296325683594,0,0.870495753054894
1.1270047426223755,0.0020020899828523397,619,318.4677429199219,0,1.1316726433000557
1.0582636594772339,0.0020175324752926826,602,299.04296875,0,1.06356121314182
0.9234031438827515,0.0020593968220055103,599,260.9342346191406,0,0.9224039338329626
1.0895144939422607,0.002164091682061553,606,307.8738098144531,0,1.0892917052209579
0.8374635577201843,0.002004239009693265,596,236.64952087402344,0,0.8383773933746105
1.005539894104004,0.002096562646329403,600,284.14434814453125,0,1.0127182232462384
1.132866382598877,0.002019882667809725,601,320.1241149902344,0,1.1360385314085364
0.9153884053230286,0.0020127338357269764,598,258.66943359375,0,0.9186518683769165
1.0014005899429321,0.0020698325242847204,599,282.97467041015625,0,1.005613017463796
1.3097023963928223,0.0016820734599605203,799,370.09423828125,0,1.3150975120778234
0.7104017734527588,0.002490529092028737,401,200.74453735351562,0,0.7072680333195123
0.715149998664856,0.00236652628518641,400,202.08628845214844,0,0.7114641964848732
1.1334946155548096,0.001777541358023882,760,320.3016357421875,0,1.1345634500208608
1.2194771766662598,0.0019874407444149256,644,344.5985107421875,0,1.2220464079567421
0.8589838147163391,0.0020322944037616253,598,242.73069763183594,0,0.8582684654128312
0.9331714510917664,0.0020743277855217457,574,263.6945495605469,0,0.9333096553448907
0.7316495776176453,0.002378540113568306,425,206.74871826171875,0,0.7276666711374208
1.0681380033493042,0.002048515249043703,598,301.833251953125,0,1.0734886920479512
1.2109630107879639,0.001662687980569899,792,342.19256591796875,0,1.2131403776198078
1.1290572881698608,0.001991907600313425,610,319.0477600097656,0,1.1295865997926948
0.6162142753601074,0.002433044370263815,400,174.129150390625,0,0.6107231460118653
1.3650189638137817,0.0017341247294098139,801,385.72552490234375,0,1.3741871795116465
0.9305880665779114,0.002066344954073429,599,262.96453857421875,0,0.9327883828457797
0.6706721186637878,0.0026419435162097216,402,189.5177764892578,0,0.6715218029800443
0.9601593017578125,0.0021160601172596216,594,271.32073974609375,0,0.9636141392900145
1.1824699640274048,0.0020648837089538574,606,334.14105224609375,0,1.1822319636980074
0.7674283385276794,0.0021008800249546766,560,216.8590545654297,0,0.7684273557918206
1.2715643644332886,0.002000331413000822,672,359.3172302246094,0,1.2727163356209963
0.8462175726890564,0.0020014066249132156,548,239.1232147216797,417,0.8448783116137824
0.9818069934844971,0.00208930391818285,602,277.43792724609375,0,0.9802017131639239
1.0707191228866577,0.0021141127217561007,600,302.5626220703125,0,1.074490712832226
1.0828566551208496,0.0021401348058134317,608,305.992431640625,0,1.0849871993777205
1.1547714471817017,0.00177981227170676,791,326.31402587890625,0,1.1586527114351397
0.8263221383094788,0.002685428597033024,404,233.50119018554688,0,0.8231755092399636
0.8228811025619507,0.0020093501079827547,594,232.52882385253906,0,0.8258939092681966
1.0422489643096924,0.0020240885205566883,601,294.5175476074219,0,1.0447021974817412
1.309077501296997,0.0017742635682225227,801,369.91766357421875,0,1.314445787366462
0.8944336771965027,0.0021704735700041056,518,252.74807739257812,0,0.888277003407276
0.9322560429573059,0.0022771921940147877,490,263.4358825683594,0,0.9275224996210792
0.7888981699943542,0.002008012728765607,583,222.92596435546875,0,0.7896871927505378
1.0880775451660156,0.0019776965491473675,608,307.4677429199219,0,1.0929403147425742
1.0874491930007935,0.0021149206440895796,598,307.2901916503906,0,1.091339965858256
1.075087547302246,0.002039230428636074,662,303.7970275878906,0,1.0739289757136001
1.2326692342758179,0.0018421864369884133,739,348.3262939453125,0,1.2330923551678137
0.7797721028327942,0.0023377237375825644,477,220.34713745117188,0,0.7746357249629535
1.0175230503082275,0.0020067812874913216,627,287.530517578125,0,1.0103114425043722
0.9929856061935425,0.0020468446891754866,563,280.5967712402344,0,0.9896556547111963
0.5900611877441406,0.0025281154084950686,336,166.73883056640625,0,0.5784784461351584
1.4340263605117798,0.0016779595753178,911,405.2255859375,0,1.4378298615712943
0.9209585189819336,0.0023033800534904003,490,260.2434387207031,0,0.9151210174534757
1.0157088041305542,0.001980800647288561,601,287.0178527832031,0,1.0156170156209683
0.6521163582801819,0.0023597697727382183,397,184.27430725097656,0,0.6538726734840163
1.055602788925171,0.0020628341007977724,646,298.2910461425781,0,1.055148267137531
1.0645045042037964,0.0017245822818949819,727,300.8064880371094,0,1.0607746966774965
0.7911500930786133,0.00243986863642931,427,223.56231689453125,0,0.7890802830522473
0.8579255938529968,0.0020757648162543774,544,242.43165588378906,0,0.8529969207170643
1.3074265718460083,0.0018705944530665874,732,369.4511413574219,0,1.3060696707213186
0.8434572219848633,0.0021901819854974747,523,238.34320068359375,0,0.8395387100763573
1.20530366897583,0.0017486100550740957,765,340.5933837890625,0,1.2071568582416492
1.2597897052764893,0.0018562874756753445,659,355.9899597167969,0,1.2603987624140367
0.667818009853363,0.0024497476406395435,391,188.71127319335938,0,0.6603831864267845
1.043168067932129,0.0019613755866885185,665,294.77728271484375,0,1.0414123464424212
0.8382113575935364,0.0020010739099234343,521,236.86083984375,0,0.833797799631991
0.923550009727478,0.002059477847069502,600,260.9757385253906,0,0.925756656998333
1.2635682821273804,0.0018467236077412963,741,357.0577087402344,0,1.262883373484454
0.7790079116821289,0.002437336603179574,459,220.13119506835938,0,0.7724536152307651
1.0340673923492432,0.002048805821686983,600,292.20562744140625,0,1.0347078536225975
0.8426668643951416,0.0022126720286905766,472,238.11985778808594,0,0.8337106129775724
1.1872421503067017,0.001840239972807467,727,335.48956298828125,0,1.1886200100824502
0.8871839642524719,0.002017805352807045,594,250.699462890625,0,0.888886416071722
1.1080166101455688,0.0019586447160691023,607,313.10211181640625,0,1.109518532290617
0.5409778952598572,0.00250348262488842,390,152.86892700195312,0,0.540326686536902
1.456992268562317,0.0017767067765817046,777,411.7152404785156,417,1.4647342447773888
0.9082766175270081,0.002025033114477992,598,256.6597900390625,0,0.9075863145976262
0.9784097671508789,0.0020186956971883774,586,276.4779357910156,0,0.980609875430577
1.0632344484329224,0.0020285467617213726,612,300.4476013183594,0,1.0681763251660754
0.9913638234138489,0.0019814670085906982,601,280.13848876953125,0,0.9946977012482715
0.9453631639480591,0.0020932727493345737,597,267.1396789550781,0,0.9446258633063308
0.6898031234741211,0.002449068007990718,404,194.92379760742188,0,0.6871436490789343
1.0365992784500122,0.001955758547410369,601,292.92108154296875,0,1.0408694411643944
1.1089377403259277,0.0021026458125561476,604,313.3623962402344,0,1.1108016004175019
1.132586121559143,0.0017370530404150486,783,320.044921875,0,1.1375516340440035
1.1844404935836792,0.0020512042101472616,611,334.6978759765625,0,1.1878169155131095
0.7042158842086792,0.0025382221210747957,412,198.9965362548828,0,0.6999097895776296
0.9808397889137268,0.0020034166518598795,589,277.16461181640625,0,0.9827431177282998
0.9694381356239319,0.001987772062420845,601,273.9427490234375,0,0.9746574047516338
0.97548508644104,0.0020775520242750645,599,275.6514892578125,0,0.9763539390496438
0.9863339066505432,0.002135113812983036,601,278.7171325683594,0,0.988069727679489
0.899289071559906,0.0020905635319650173,600,254.12010192871094,0,0.9055969332594156
1.1838278770446777,0.0020257725846022367,625,334.5247802734375,0,1.183224568561983
1.0417793989181519,0.001774588949047029,653,294.3848571777344,0,1.0352009379552423
0.6280205845832825,0.0026133591309189796,328,177.46536254882812,0,0.617716493044927
1.0846054553985596,0.0018034599488601089,731,306.4866027832031,0,1.0789840138369111
1.119666337966919,0.0019366707419976592,661,316.3940734863281,0,1.1169891711317705
0.8439484238624573,0.0021983482874929905,462,238.4820098876953,0,0.8442870752511801
1.0415483713150024,0.0018385093426331878,678,294.319580078125,0,1.039043348570618
1.0868427753448486,0.001959123881533742,659,307.11883544921875,0,1.084614495798271
0.9414293169975281,0.00210738368332386,583,266.0280456542969,0,0.9417842219921526
0.9895256161689758,0.0020068141166120768,589,279.6190490722656,0,0.9878455334252696
0.7708584666252136,0.0024952043313533068,429,217.8283233642578,0,0.7661242097676813
1.1975544691085815,0.0018843741854652762,711,338.4035949707031,0,1.1996918212771293
1.0285818576812744,0.0019342818995937705,636,290.655517578125,0,1.0227269889579926
0.8678723573684692,0.002438657684251666,454,245.24240112304688,0,0.8603264995370227
0.8331465125083923,0.0019379620207473636,588,235.4296112060547,0,0.8328742051205901
0.9357815384864807,0.0023234670516103506,469,264.4320983886719,0,0.9286274995843257
0.9717602729797363,0.0020852454472333193,554,274.59893798828125,0,0.966122588133342
1.03673255443573,0.001997472019866109,646,292.958740234375,0,1.0334836647948005
0.9104295372962952,0.0019963588565587997,544,257.2681579589844,0,0.9075673039737304
1.09028959274292,0.001998365391045809,658,308.09283447265625,0,1.0903891962857377
1.3975416421890259,0.0015809632604941726,918,394.915771484375,0,1.3999546201387947
0.6210393309593201,0.0028446041978895664,285,175.4925994873047,0,0.6081437797941304
1.0942051410675049,0.0018557499861344695,732,309.19927978515625,0,1.092126731553153
0.9171178340911865,0.00221760431304574,478,259.15814208984375,0,0.9099618082625478
0.9161479473114014,0.002157555427402258,529,258.8840637207031,0,0.9146665503129452
1.0432934761047363,0.002151122782379389,614,294.8127136230469,0,1.044798978839756
1.0958627462387085,0.001747444155625999,734,309.66766357421875,416,1.0977021482590914
0.792610228061676,0.0025164992548525333,417,223.97491455078125,0,0.7888034073198968
1.1793361902236938,0.0017784558003768325,723,333.2555236816406,0,1.1796360302281
0.9741841554641724,0.0023427624255418777,532,275.28387451171875,0,0.9695822833046459
0.8980487585067749,0.0021079040598124266,547,253.76962280273438,0,0.8930683361677692
1.169129490852356,0.0017854669131338596,787,330.3713073730469,0,1.1736127017691818
0.6915978193283081,0.0024765434209257364,412,195.43093872070312,0,0.6932148318669699
1.1436930894851685,0.00199056975543499,602,323.18353271484375,0,1.1454725684154283
0.8457635045051575,0.0021704521495848894,595,238.9949188232422,0,0.8460702002592863
1.1294002532958984,0.002073798095807433,603,319.1446838378906,0,1.1308795605953375
1.1885297298431396,0.0017153375083580613,784,335.8533935546875,0,1.1920066424797848
1.0047451257705688,0.0020393780432641506,607,283.9197692871094,0,1.0021446215053798
0.5307932496070862,0.0038756923750042915,212,149.990966796875,0,0.5270694283218268
1.2158421277999878,0.0017144432058557868,798,343.5713195800781,0,1.2226850218930028
0.9994228482246399,0.0020335051231086254,601,282.4158020019531,0,0.9968018018686118
1.0608562231063843,0.0020361035130918026,602,299.77557373046875,0,1.0641537009875
1.0857269763946533,0.001984052360057831,623,306.80352783203125,0,1.0892226948683834
1.37447190284729,0.0017167747719213367,880,388.396728515625,0,1.3781463952142814
0.7880892753601074,0.0022174043115228415,492,222.6973876953125,0,0.7816875341340772
0.6969414949417114,0.002485788194462657,401,196.94094848632812,0,0.7013479820117268
1.0943279266357422,0.0020165834575891495,602,309.2339782714844,0,1.092969873580983
0.8391090631484985,0.0018994841957464814,595,237.114501953125,0,0.8355030347171134
1.1537671089172363,0.0020966872107237577,604,326.03021240234375,0,1.1542055365210355
0.8968766927719116,0.002006185706704855,601,253.43841552734375,0,0.8996231873681501
1.3754019737243652,0.0017560026608407497,800,388.6595764160156,0,1.3783339984870837
0.7623488306999207,0.002634590258821845,406,215.42369079589844,0,0.7573191323990213
1.1867579221725464,0.0017803164664655924,791,335.35272216796875,0,1.1915988973741578
0.7068941593170166,0.002472806954756379,400,199.7533721923828,0,0.7027016099464256
1.223251461982727,0.0017403446836397052,795,345.6650390625,0,1.2286896377001868
0.9727609753608704,0.0021934458054602146,561,274.8817138671875,0,0.9687915843772188
0.7866193652153015,0.002404816448688507,447,222.2820281982422,0,0.7860181423386511
1.1265380382537842,0.001977428561076522,611,318.33587646484375,0,1.128647033973444
1.1803350448608398,0.0016555477632209659,790,333.53778076171875,0,1.1844184834181843
1.0593160390853882,0.00213808286935091,598,299.34033203125,0,1.0652044700173762
1.0317103862762451,0.002006599912419915,598,291.5395812988281,0,1.032108463675618
0.9668284058570862,0.002044352935627103,601,273.2052917480469,0,0.967176158101535
0.864199161529541,0.0020877611823379993,592,244.20443725585938,0,0.8647563324713347
0.992605447769165,0.0020478887017816305,593,280.4893493652344,0,0.9939711855244046
1.085422396659851,0.002046944573521614,616,306.7174377441406,0,1.087962749381221
0.8820157051086426,0.0021008478943258524,546,249.239013671875,0,0.8774716985137315
0.8622939586639404,0.002401802921667695,455,243.6660614013672,0,0.8585831836096764
1.1859352588653564,0.0018246537074446678,792,335.1202697753906,0,1.1902400251294187
0.7346514463424683,0.0026577780954539776,406,207.59698486328125,0,0.7346587666874047
0.2295781522989273,0.004393452778458595,92,64.87393951416016,0,0.19996573253566022
